crypto_name,date,price,market_cap,volume,ingestion_timestamp
bitcoin,2026-02-01 02:01:36.183,78446.44614724506,1567027735898.1982,79560221032.48547,2026-03-03 01:20:38.748877
bitcoin,2026-02-01 03:00:43.632,78852.6766338731,1576316192344.6855,81542257954.54108,2026-03-03 01:20:38.748881
bitcoin,2026-02-01 04:02:23.747,78767.61762558289,1573922970782.4006,81000112899.24217,2026-03-03 01:20:38.748883
bitcoin,2026-02-01 05:01:28.993,78912.80103317233,1577497421747.3276,82586816836.47656,2026-03-03 01:20:38.748884
bitcoin,2026-02-01 06:01:56.119,78539.5665580453,1568949008531.7742,82662027399.37349,2026-03-03 01:20:38.748885
bitcoin,2026-02-01 07:01:20.629,78249.02172265615,1564071596169.3547,83626804735.72153,2026-03-03 01:20:38.748886
bitcoin,2026-02-01 08:02:41.584,78306.02837173457,1564445536713.8467,84068463785.32811,2026-03-03 01:20:38.748887
bitcoin,2026-02-01 09:02:14.104,78503.16086298278,1569067663512.9622,82544369173.9222,2026-03-03 01:20:38.748888
bitcoin,2026-02-01 10:01:22.425,78943.28284591532,1575170629326.2222,82773574103.18187,2026-03-03 01:20:38.748888
bitcoin,2026-02-01 11:00:51.074,78190.05967627538,1561929606352.7866,83084906521.89174,2026-03-03 01:20:38.748889
bitcoin,2026-02-01 12:01:21.241,78674.55269710587,1571664704497.4768,82099682094.57455,2026-03-03 01:20:38.748890
bitcoin,2026-02-01 13:01:15.326,78395.42785626884,1566874016097.4712,83306993631.19218,2026-03-03 01:20:38.748891
bitcoin,2026-02-01 14:01:10.977,78250.67642409485,1563246295303.8298,83463836589.41534,2026-03-03 01:20:38.748892
bitcoin,2026-02-01 15:02:23.062,78153.42947394075,1562106000716.0874,79888888919.9415,2026-03-03 01:20:38.748893
bitcoin,2026-02-01 16:01:53.804,77544.7380964675,1551328586380.9963,80612046421.01065,2026-03-03 01:20:38.748894
bitcoin,2026-02-01 17:01:17.622,77393.55504519478,1546350779776.475,75686616145.41411,2026-03-03 01:20:38.748895
bitcoin,2026-02-01 18:02:19.141,77696.03134586934,1551967589369.0713,66382279180.457405,2026-03-03 01:20:38.748896
bitcoin,2026-02-01 19:01:32.719,77896.36160377583,1553595637128.815,58460878605.666534,2026-03-03 01:20:38.748897
bitcoin,2026-02-01 20:01:30.378,77077.95592797572,1539220200661.5708,54687939376.59296,2026-03-03 01:20:38.748898
bitcoin,2026-02-01 21:01:34.657,77035.921671734,1539382322409.2056,53605164016.19363,2026-03-03 01:20:38.748899
bitcoin,2026-02-01 22:01:56.369,76435.74536602902,1526747207671.7795,53721807505.19723,2026-03-03 01:20:38.748900
bitcoin,2026-02-01 23:00:08.714,77145.43546862429,1541546307094.2385,54017502629.54843,2026-03-03 01:20:38.748900
bitcoin,2026-02-02 00:01:35.648,76906.6755974147,1538967094701.9963,58079188094.31761,2026-03-03 01:20:38.748901
bitcoin,2026-02-02 01:02:21.892,77576.32216510682,1550582712243.8691,58447605047.835594,2026-03-03 01:20:38.748902
bitcoin,2026-02-02 02:00:51.309,77483.39217465831,1547973324551.8984,59034831529.35074,2026-03-03 01:20:38.748903
bitcoin,2026-02-02 03:02:18.913,76425.36227434671,1529075619507.4514,59390357849.767845,2026-03-03 01:20:38.748904
bitcoin,2026-02-02 04:02:00.712,76187.07154557863,1522416430200.008,67556832966.76391,2026-03-03 01:20:38.748905
bitcoin,2026-02-02 05:02:17.015,75825.18353347215,1514892417402.9854,69971108409.15683,2026-03-03 01:20:38.748906
bitcoin,2026-02-02 06:03:23.502,75442.36463977459,1506554287674.4678,73222407278.58492,2026-03-03 01:20:38.748907
bitcoin,2026-02-02 07:02:34.828,76403.38705228502,1523291198171.3718,76164882821.49966,2026-03-03 01:20:38.748907
bitcoin,2026-02-02 08:03:44.420,76579.2542838234,1530281493441.321,78325767896.80049,2026-03-03 01:20:38.748908
bitcoin,2026-02-02 09:03:02.414,76827.71592198485,1536009569118.2441,80179229776.92055,2026-03-03 01:20:38.748909
bitcoin,2026-02-02 10:02:55.065,77614.62064813616,1550833572887.5066,83180601533.87378,2026-03-03 01:20:38.748910
bitcoin,2026-02-02 11:02:56.792,77441.06457352011,1547896629218.7769,83497220315.85878,2026-03-03 01:20:38.748911
bitcoin,2026-02-02 12:03:10.742,77690.21964421745,1552410841492.1304,84171896816.6733,2026-03-03 01:20:38.748912
bitcoin,2026-02-02 13:02:54.105,77918.29429108377,1556534216668.7014,85489661471.31917,2026-03-03 01:20:38.748913
bitcoin,2026-02-02 14:03:31.189,78175.7417786635,1562309672765.651,86512545749.47293,2026-03-03 01:20:38.748913
bitcoin,2026-02-02 15:02:42.887,77708.55867783961,1563523139094.0166,87112923680.9938,2026-03-03 01:20:38.748914
bitcoin,2026-02-02 16:01:43.552,78762.48100810999,1573855418415.7285,89776161898.79326,2026-03-03 01:20:38.748915
bitcoin,2026-02-02 17:04:09.045,78627.17408230362,1570620291169.0063,90931666786.27773,2026-03-03 01:20:38.748916
bitcoin,2026-02-02 18:02:59.982,78920.28866897967,1577916696003.0503,92665241427.78023,2026-03-03 01:20:38.748917
bitcoin,2026-02-02 19:03:27.125,78527.95828909146,1570113296896.6975,92894428139.49522,2026-03-03 01:20:38.748918
bitcoin,2026-02-02 20:02:25.545,78264.25959010448,1565454816176.651,93613059720.33672,2026-03-03 01:20:38.748919
bitcoin,2026-02-02 21:02:47.462,77931.71794953835,1558618464112.3247,93062403592.85904,2026-03-03 01:20:38.748919
bitcoin,2026-02-02 22:03:16.172,78478.46761069831,1567453027330.5916,91698409922.40561,2026-03-03 01:20:38.748925
bitcoin,2026-02-02 23:03:30.436,78698.23700572242,1571666810457.4028,89708527950.57494,2026-03-03 01:20:38.748926
bitcoin,2026-02-03 00:02:31.621,78664.87011711115,1572284291986.756,83742944987.87125,2026-03-03 01:20:38.748926
bitcoin,2026-02-03 01:02:13.347,78994.244593476,1576865684783.3298,83206342117.3022,2026-03-03 01:20:38.748927
bitcoin,2026-02-03 02:02:54.687,78916.39298894505,1576824909208.1653,81895797719.16515,2026-03-03 01:20:38.748928
bitcoin,2026-02-03 03:02:31.154,77764.35461710254,1558131293718.6162,78976546354.41696,2026-03-03 01:20:38.748929
bitcoin,2026-02-03 04:02:22.481,78679.46986195797,1571044076920.1855,73887153583.32457,2026-03-03 01:20:38.748930
bitcoin,2026-02-03 05:02:28.179,78732.08983634548,1573714988164.2769,70827986050.6654,2026-03-03 01:20:38.748931
bitcoin,2026-02-03 06:04:27.137,78167.15847089334,1562462752818.4976,67314510473.34769,2026-03-03 01:20:38.748931
bitcoin,2026-02-03 07:01:16.117,78514.4059710872,1568964875492.0227,64293788981.76144,2026-03-03 01:20:38.748935
bitcoin,2026-02-03 08:01:09.140,78696.79606095653,1571867361993.0112,62883551401.66769,2026-03-03 01:20:38.748936
bitcoin,2026-02-03 09:00:21.488,78650.12759838546,1573924926822.0237,62088139202.33892,2026-03-03 01:20:38.748936
bitcoin,2026-02-03 10:01:24.996,78350.90228836305,1565776532714.881,60378796034.85821,2026-03-03 01:20:38.748937
bitcoin,2026-02-03 11:02:25.058,78062.94594934044,1560718954309.0615,59349817760.28182,2026-03-03 01:20:38.748938
bitcoin,2026-02-03 12:01:49.910,78016.08427375196,1561910283025.7773,54682290500.63311,2026-03-03 01:20:38.748939
bitcoin,2026-02-03 13:02:51.185,78252.0181420846,1563916007615.8699,54520405031.94843,2026-03-03 01:20:38.748940
bitcoin,2026-02-03 14:02:26.062,78216.78892241618,1564024515673.7932,53412428195.09407,2026-03-03 01:20:38.748941
bitcoin,2026-02-03 15:02:09.193,77166.79302914416,1541807070763.1133,53425571220.391304,2026-03-03 01:20:38.748941
bitcoin,2026-02-03 16:03:01.592,77956.29806992367,1558790674702.623,52412607205.99499,2026-03-03 01:20:38.748942
bitcoin,2026-02-03 17:01:31.755,76462.1341336685,1530990850744.2202,53853747851.788666,2026-03-03 01:20:38.748943
bitcoin,2026-02-03 18:01:29.737,74893.60859394567,1496559451005.2803,55789112298.32152,2026-03-03 01:20:38.748946
bitcoin,2026-02-03 19:02:34.074,73111.91343008894,1460419730324.4458,63707350150.1915,2026-03-03 01:20:38.748947
bitcoin,2026-02-03 20:00:10.546,74635.94438230092,1488067544491.964,68292157507.09106,2026-03-03 01:20:38.748948
bitcoin,2026-02-03 21:02:37.773,76411.91826405193,1526911380552.565,71167127952.76826,2026-03-03 01:20:38.748949
bitcoin,2026-02-03 22:01:16.126,76152.05321817116,1521465252314.7026,71604663370.4255,2026-03-03 01:20:38.748950
bitcoin,2026-02-03 23:01:44.571,75560.98650392683,1507821144189.25,73291609050.95753,2026-03-03 01:20:38.748950
bitcoin,2026-02-04 00:01:19.881,75649.69786577787,1511439704276.8052,73185397333.10342,2026-03-03 01:20:38.748951
bitcoin,2026-02-04 01:02:13.289,75911.75672693519,1515251766752.874,76249997313.09375,2026-03-03 01:20:38.748952
bitcoin,2026-02-04 02:00:00.667,76360.76565709774,1525635671100.5422,76804035406.5949,2026-03-03 01:20:38.748953
bitcoin,2026-02-04 03:01:25.322,75870.18901632768,1515543170537.017,75270864370.0687,2026-03-03 01:20:38.748954
bitcoin,2026-02-04 04:01:10.803,76608.26923239244,1531000343795.0198,75689715229.77965,2026-03-03 01:20:38.748954
bitcoin,2026-02-04 05:01:08.545,76382.70698112827,1526329357952.6848,75296326029.40288,2026-03-03 01:20:38.748955
bitcoin,2026-02-04 06:01:04.476,76167.81462055985,1521493474075.8313,76458213062.55023,2026-03-03 01:20:38.748956
bitcoin,2026-02-04 07:01:17.198,76550.49046713776,1529613556977.756,75159313021.60382,2026-03-03 01:20:38.748957
bitcoin,2026-02-04 08:01:33.151,76424.46851974064,1527383645096.2559,75893005697.45065,2026-03-03 01:20:38.748958
bitcoin,2026-02-04 09:01:27.154,76472.56212315582,1526596088817.6033,75285130682.69043,2026-03-03 01:20:38.748959
bitcoin,2026-02-04 10:01:13.198,76006.4007520199,1518833713200.812,74085699332.1875,2026-03-03 01:20:38.748960
bitcoin,2026-02-04 11:01:49.512,76181.49680339378,1521809603886.3877,73953237849.42065,2026-03-03 01:20:38.748961
bitcoin,2026-02-04 12:00:55.291,75973.90796024087,1518835686210.7708,75323257924.98923,2026-03-03 01:20:38.748961
bitcoin,2026-02-04 13:02:17.140,76047.636269168,1519246705853.5693,75002216118.38411,2026-03-03 01:20:38.748964
bitcoin,2026-02-04 14:01:26.031,74754.93715072649,1493910753042.0605,76250767043.10692,2026-03-03 01:20:38.748965
bitcoin,2026-02-04 15:01:50.821,74135.69918053188,1482892144794.5173,77568164177.59557,2026-03-03 01:20:38.748965
bitcoin,2026-02-04 16:01:47.736,74029.4599257023,1479246732687.498,79127149593.72964,2026-03-03 01:20:38.748966
bitcoin,2026-02-04 17:01:48.467,73499.66630570027,1466706008668.6929,79610051112.99487,2026-03-03 01:20:38.748967
bitcoin,2026-02-04 18:01:34.709,72395.80326935869,1447813750039.3696,80103576545.55927,2026-03-03 01:20:38.748968
bitcoin,2026-02-04 19:01:34.175,73462.80817356521,1468042860345.6245,76649004902.73642,2026-03-03 01:20:38.748969
bitcoin,2026-02-04 20:02:22.286,73639.68907933564,1472656331344.123,73606290520.65018,2026-03-03 01:20:38.748969
bitcoin,2026-02-04 21:01:46.111,73384.77194810667,1467660450457.8357,71706708609.79956,2026-03-03 01:20:38.748970
bitcoin,2026-02-04 22:01:13.653,72629.98658000518,1451477573966.35,71695273830.36592,2026-03-03 01:20:38.748971
bitcoin,2026-02-04 23:01:35.860,72402.78419025433,1451681129774.6033,73045789744.35226,2026-03-03 01:20:38.748984
bitcoin,2026-02-05 00:01:34.865,73023.41451718884,1460118181407.5586,73261159270.5557,2026-03-03 01:20:38.748985
bitcoin,2026-02-05 01:01:50.545,72713.21620135968,1453313407281.9019,73935454059.92665,2026-03-03 01:20:38.748986
bitcoin,2026-02-05 02:01:17.906,72289.92013373689,1446449592572.2007,75225814334.33696,2026-03-03 01:20:38.748987
bitcoin,2026-02-05 03:03:05.124,71337.22160323666,1425688781735.6848,78134811371.75699,2026-03-03 01:20:38.748988
bitcoin,2026-02-05 04:03:21.193,71128.6956649189,1421329560591.8535,79282502305.64294,2026-03-03 01:20:38.748989
bitcoin,2026-02-05 05:03:34.483,70762.539039752,1412953854216.7544,84152993185.97726,2026-03-03 01:20:38.748989
bitcoin,2026-02-05 06:02:45.683,70587.38360589635,1409978442015.406,87653237652.45488,2026-03-03 01:20:38.748990
bitcoin,2026-02-05 07:01:18.770,70800.17054471826,1414492822390.1123,85588272843.48248,2026-03-03 01:20:38.748991
bitcoin,2026-02-05 08:00:47.621,70541.27315680737,1411369482323.491,86635922637.95653,2026-03-03 01:20:38.748992
bitcoin,2026-02-05 09:02:12.543,71011.65125538754,1419236749397.6162,92600311916.4272,2026-03-03 01:20:38.748996
bitcoin,2026-02-05 10:01:54.791,71426.18011366547,1429308809694.235,94400372771.7713,2026-03-03 01:20:38.748997
bitcoin,2026-02-05 11:02:14.107,70712.55259981466,1411518161106.9907,95291797429.71379,2026-03-03 01:20:38.748998
bitcoin,2026-02-05 12:03:54.009,70198.49300968244,1401906606317.037,98251920638.01656,2026-03-03 01:20:38.748999
bitcoin,2026-02-05 13:03:04.086,69436.27296654794,1387804063034.6616,100405122336.80695,2026-03-03 01:20:38.749000
bitcoin,2026-02-05 14:02:56.542,69608.72096630982,1390626128020.1384,102833376460.85822,2026-03-03 01:20:38.749001
bitcoin,2026-02-05 15:02:51.227,69359.6011297701,1394122500392.2083,103105296987.13713,2026-03-03 01:20:38.749177
bitcoin,2026-02-05 16:02:47.386,67375.62427275744,1348377220973.9692,111543279006.64403,2026-03-03 01:20:38.749178
bitcoin,2026-02-05 17:01:47.488,68153.73192299498,1367239811611.1584,115145664123.41508,2026-03-03 01:20:38.749178
bitcoin,2026-02-05 18:03:07.444,66086.43132742122,1323145260863.321,114759451303.22765,2026-03-03 01:20:38.749179
bitcoin,2026-02-05 19:02:38.071,66223.31451175398,1323339419787.1995,116953798388.09792,2026-03-03 01:20:38.749180
bitcoin,2026-02-05 20:03:06.580,65141.50387868692,1302815066761.8638,119140008425.1309,2026-03-03 01:20:38.749181
bitcoin,2026-02-05 21:03:52.325,63880.77153870422,1268051525678.0024,131958390918.6235,2026-03-03 01:20:38.749182
bitcoin,2026-02-05 22:03:14.760,63151.480794216,1260693833714.076,136841206726.9764,2026-03-03 01:20:38.749183
bitcoin,2026-02-05 23:03:09.772,63819.50494183307,1278449498217.379,140635639166.15842,2026-03-03 01:20:38.749184
bitcoin,2026-02-06 00:03:05.158,62822.26414504872,1258539183266.0337,142969080106.98886,2026-03-03 01:20:38.749184
bitcoin,2026-02-06 01:02:46.464,63474.177236593816,1268771716948.4065,156013535568.44662,2026-03-03 01:20:38.749185
bitcoin,2026-02-06 02:02:32.077,65564.69260917806,1309706987391.8672,162374904265.32797,2026-03-03 01:20:38.749186
bitcoin,2026-02-06 03:00:28.120,64816.18565684104,1295203389368.7874,163736099802.59894,2026-03-03 01:20:38.749187
bitcoin,2026-02-06 04:03:15.073,64091.22967946813,1280244016470.7207,161516430150.3972,2026-03-03 01:20:38.749190
bitcoin,2026-02-06 05:02:49.928,64822.456067695086,1295413333587.818,159552982310.2272,2026-03-03 01:20:38.749191
bitcoin,2026-02-06 06:03:20.975,66360.16683425578,1324951493672.3748,162264206968.74994,2026-03-03 01:20:38.749192
bitcoin,2026-02-06 07:03:31.020,64760.099244767305,1300238004626.114,161997384220.77988,2026-03-03 01:20:38.749193
bitcoin,2026-02-06 08:03:30.609,64762.31745067788,1294278723090.354,162318983230.30447,2026-03-03 01:20:38.749194
bitcoin,2026-02-06 09:02:37.087,64812.45812521936,1295650346535.6572,162197083585.63916,2026-03-03 01:20:38.749194
bitcoin,2026-02-06 10:01:10.528,65743.1389952177,1314298829234.8801,165270409326.77658,2026-03-03 01:20:38.749195
bitcoin,2026-02-06 11:03:11.873,65852.64638550671,1316383267082.4922,165388006623.69128,2026-03-03 01:20:38.749196
bitcoin,2026-02-06 12:03:34.016,66468.2306680357,1328369574770.211,164183065633.5603,2026-03-03 01:20:38.749197
bitcoin,2026-02-06 13:03:29.986,66475.34350850893,1328319175118.5225,160591669868.12067,2026-03-03 01:20:38.749198
bitcoin,2026-02-06 14:03:26.188,67249.23666728205,1346412321146.6826,162169925886.1174,2026-03-03 01:20:38.749199
bitcoin,2026-02-06 15:03:11.417,68114.36357083579,1359473711331.2727,164512877815.2768,2026-03-03 01:20:38.749200
bitcoin,2026-02-06 16:03:35.201,68582.16605772382,1370607134230.502,157357383903.03918,2026-03-03 01:20:38.749201
bitcoin,2026-02-06 17:03:11.194,69871.99988930697,1399153617091.6199,159453872658.0922,2026-03-03 01:20:38.749201
bitcoin,2026-02-06 18:02:33.543,70772.61875586561,1413973722966.0295,158805332144.58868,2026-03-03 01:20:38.749202
bitcoin,2026-02-06 19:02:12.385,69753.80678459951,1394177162487.7498,155754508695.3443,2026-03-03 01:20:38.749203
bitcoin,2026-02-06 20:02:45.035,70670.2604369606,1413115627446.0159,153010324806.8534,2026-03-03 01:20:38.749206
bitcoin,2026-02-06 21:03:14.009,69990.28130807572,1399844899539.2327,141509745628.22903,2026-03-03 01:20:38.749206
bitcoin,2026-02-06 22:03:33.268,70289.43455211335,1405417297072.4565,134951738286.69255,2026-03-03 01:20:38.749207
bitcoin,2026-02-06 23:02:23.560,71297.63519930553,1424905056534.492,132024258013.65224,2026-03-03 01:20:38.749208
bitcoin,2026-02-07 00:01:53.674,70545.5121611041,1409456747955.5288,128240322935.28181,2026-03-03 01:20:38.749211
bitcoin,2026-02-07 01:03:00.531,69924.37333126029,1397402371552.0125,112714668980.12349,2026-03-03 01:20:38.749212
bitcoin,2026-02-07 02:02:28.253,70471.75839223956,1408479938966.4165,108575067303.52345,2026-03-03 01:20:38.749212
bitcoin,2026-02-07 03:03:03.055,70323.87573035707,1404672703279.629,103832603184.51918,2026-03-03 01:20:38.749213
bitcoin,2026-02-07 04:00:54.461,70793.24406711856,1414666712829.433,103167736814.82657,2026-03-03 01:20:38.749214
bitcoin,2026-02-07 05:04:20.268,70717.02791109454,1412768560248.9104,101450324029.38416,2026-03-03 01:20:38.749215
bitcoin,2026-02-07 06:04:03.769,70109.21450925693,1398173184276.451,99122888504.07677,2026-03-03 01:20:38.749216
bitcoin,2026-02-07 07:01:09.434,68878.39427353993,1377918393577.7896,98126969432.4773,2026-03-03 01:20:38.749217
bitcoin,2026-02-07 08:03:51.218,68052.86603622913,1361231924198.2844,99416928440.32393,2026-03-03 01:20:38.749218
bitcoin,2026-02-07 09:02:30.609,68503.0750122388,1369604200204.4138,99303906320.82433,2026-03-03 01:20:38.749218
bitcoin,2026-02-07 10:00:17.946,68042.75346202428,1360080938299.8855,98940574772.11115,2026-03-03 01:20:38.749219
bitcoin,2026-02-07 11:02:29.277,67959.15338417077,1357111503374.5095,97563955211.08904,2026-03-03 01:20:38.749220
bitcoin,2026-02-07 12:03:09.434,67902.78315971121,1354279877673.3208,97208075934.88637,2026-03-03 01:20:38.749221
bitcoin,2026-02-07 13:02:51.796,68967.55007208827,1377541826798.6304,99031866216.78864,2026-03-03 01:20:38.749222
bitcoin,2026-02-07 14:02:45.726,68966.60908394787,1377943733016.2556,96148208102.0116,2026-03-03 01:20:38.749222
bitcoin,2026-02-07 15:03:17.965,68572.18589500991,1369437729350.2896,91161881883.90984,2026-03-03 01:20:38.749223
bitcoin,2026-02-07 16:03:57.146,69097.79894772926,1380014076829.1458,87345575063.76035,2026-03-03 01:20:38.749224
bitcoin,2026-02-07 17:03:38.965,68955.47179965663,1376389010217.4355,84835407217.02838,2026-03-03 01:20:38.749225
bitcoin,2026-02-07 18:00:05.809,69077.46959337214,1381954545131.1738,83877612461.54242,2026-03-03 01:20:38.749226
bitcoin,2026-02-07 19:03:28.511,69451.25303390273,1387277911054.2056,79746590511.77089,2026-03-03 01:20:38.749228
bitcoin,2026-02-07 20:03:35.304,69274.97522392707,1384182560601.8792,77715039228.6209,2026-03-03 01:20:38.749229
bitcoin,2026-02-07 21:03:08.563,69580.38509403978,1389183371325.9517,74690229173.15584,2026-03-03 01:20:38.749230
bitcoin,2026-02-07 22:02:44.692,69423.29165424411,1387322865895.6606,73709333124.44142,2026-03-03 01:20:38.749231
bitcoin,2026-02-07 23:03:24.271,69375.53227931763,1387473719609.5771,69565511286.65862,2026-03-03 01:20:38.749232
bitcoin,2026-02-08 00:03:55.993,69271.22535548474,1384237878780.882,68349450225.95329,2026-03-03 01:20:38.749232
bitcoin,2026-02-08 01:04:18.719,69072.05134454952,1378789855348.2021,67302413196.20048,2026-03-03 01:20:38.749233
bitcoin,2026-02-08 02:03:45.664,69336.65222875704,1385302309059.148,65812987246.60456,2026-03-03 01:20:38.749234
bitcoin,2026-02-08 03:04:01.815,69323.10055397708,1383552592510.451,65686434021.67026,2026-03-03 01:20:38.749235
bitcoin,2026-02-08 04:01:22.366,69072.73226451855,1380413385887.6309,64859818933.393684,2026-03-03 01:20:38.749236
bitcoin,2026-02-08 05:03:17.519,69257.21228736998,1384091716230.3857,62980442390.26424,2026-03-03 01:20:38.749236
bitcoin,2026-02-08 06:01:09.891,69176.62975267286,1382526974315.7825,62309233276.37308,2026-03-03 01:20:38.749237
bitcoin,2026-02-08 07:02:48.358,69275.2644342355,1384845347156.5044,60777951795.50181,2026-03-03 01:20:38.749240
bitcoin,2026-02-08 08:01:11.585,69634.77873342592,1390642668602.0667,54713385192.33957,2026-03-03 01:20:38.749241
bitcoin,2026-02-08 09:03:01.896,70616.33319903756,1411427027908.8508,53805403588.72301,2026-03-03 01:20:38.749242
bitcoin,2026-02-08 10:02:29.418,70149.49319420684,1403004337712.9905,52029292741.02225,2026-03-03 01:20:38.749242
bitcoin,2026-02-08 11:04:02.408,70192.55967196338,1402847481124.5266,50790793228.39165,2026-03-03 01:20:38.749243
bitcoin,2026-02-08 12:04:21.666,70948.55961551555,1417395335675.1714,50909192221.80524,2026-03-03 01:20:38.749244
bitcoin,2026-02-08 13:04:27.898,71178.215488825,1420231912349.1902,48489406747.01789,2026-03-03 01:20:38.749245
bitcoin,2026-02-08 14:04:05.266,71450.09750719942,1427218878815.3557,47875411428.06515,2026-03-03 01:20:38.749247
bitcoin,2026-02-08 15:03:35.083,71185.43635252847,1422281405397.0444,46594525663.13195,2026-03-03 01:20:38.749250
bitcoin,2026-02-08 16:04:10.149,71093.28992022508,1420530323260.7114,44359669412.38303,2026-03-03 01:20:38.749251
bitcoin,2026-02-08 17:03:54.244,70382.8443423587,1406638555616.2686,40167328812.61671,2026-03-03 01:20:38.749251
bitcoin,2026-02-08 18:04:04.287,70734.71298641211,1413720737873.4102,39545112061.94845,2026-03-03 01:20:38.749252
bitcoin,2026-02-08 19:04:00.230,71115.10260731545,1421924806538.435,39789681942.22022,2026-03-03 01:20:38.749253
bitcoin,2026-02-08 20:03:59.582,71364.02621667292,1426668431090.798,38109107529.05758,2026-03-03 01:20:38.749254
bitcoin,2026-02-08 21:00:15.342,70744.26363456192,1416008089563.9343,39956581402.11626,2026-03-03 01:20:38.749255
bitcoin,2026-02-08 22:03:44.885,70676.40743565756,1411233261261.1206,40124745069.16674,2026-03-03 01:20:38.749255
bitcoin,2026-02-08 23:03:13.326,71010.30811854756,1417589592278.8657,39885620566.42081,2026-03-03 01:20:38.749256
bitcoin,2026-02-09 00:03:57.580,70288.14411281867,1405738579972.5288,42710413811.381424,2026-03-03 01:20:38.749257
bitcoin,2026-02-09 01:04:10.666,70459.16182303062,1407332824700.223,43232940126.51084,2026-03-03 01:20:38.749258
bitcoin,2026-02-09 02:02:24.784,70331.36328987485,1406015303634.4404,43958720147.785286,2026-03-03 01:20:38.749259
bitcoin,2026-02-09 03:02:41.743,70569.9975377267,1410526409725.529,44628836015.89235,2026-03-03 01:20:38.749259
bitcoin,2026-02-09 04:03:38.368,71229.73530963564,1422868887671.0793,45666691156.23054,2026-03-03 01:20:38.749260
bitcoin,2026-02-09 05:03:10.803,70964.73659393784,1417451066072.6753,46394131621.17513,2026-03-03 01:20:38.749261
bitcoin,2026-02-09 06:04:30.965,70917.7140775821,1417975388529.5112,45222326315.17048,2026-03-03 01:20:38.749262
bitcoin,2026-02-09 07:02:57.857,70599.48065506382,1411594673414.0989,46173458009.80861,2026-03-03 01:20:38.749263
bitcoin,2026-02-09 08:03:34.806,70373.24121786421,1407629973151.9658,46330132588.296974,2026-03-03 01:20:38.749263
bitcoin,2026-02-09 09:05:15.874,69837.07732988766,1397364844945.1702,46182465578.47193,2026-03-03 01:20:38.749264
bitcoin,2026-02-09 10:04:24.242,69550.37698573632,1389126299430.0505,45873852335.29174,2026-03-03 01:20:38.749267
bitcoin,2026-02-09 11:03:10.367,68682.80182170549,1372732664846.4187,47155776171.561874,2026-03-03 01:20:38.749268
bitcoin,2026-02-09 12:04:08.041,68832.02582910914,1375156443579.467,47596951083.62912,2026-03-03 01:20:38.749269
bitcoin,2026-02-09 13:02:58.390,69082.02289196198,1378957347806.0784,47716231520.51595,2026-03-03 01:20:38.749269
bitcoin,2026-02-09 14:03:38.510,68592.05509846479,1372998446041.022,47636321385.66653,2026-03-03 01:20:38.749270
bitcoin,2026-02-09 15:03:57.354,69277.24182643309,1383455802812.6628,50373282830.7521,2026-03-03 01:20:38.749271
bitcoin,2026-02-09 16:04:08.338,69497.9504768076,1388905720949.2837,50586871562.70889,2026-03-03 01:20:38.749272
bitcoin,2026-02-09 17:04:18.213,70052.90697154785,1401464341824.9702,51918509561.750275,2026-03-03 01:20:38.749273
bitcoin,2026-02-09 18:04:38.179,70580.77336767624,1413123124733.916,54510853357.28023,2026-03-03 01:20:38.749273
bitcoin,2026-02-09 19:03:47.055,70345.99548691839,1404859191981.3245,55540937707.21441,2026-03-03 01:20:38.749274
bitcoin,2026-02-09 20:03:43.251,70891.58132530384,1418579854530.9004,56251217032.015076,2026-03-03 01:20:38.749275
bitcoin,2026-02-09 21:04:18.216,70744.7606123553,1413320682006.503,56620564562.80137,2026-03-03 01:20:38.749276
bitcoin,2026-02-09 22:03:33.561,70375.09590515462,1406232013125.2925,58987498075.98621,2026-03-03 01:20:38.749277
bitcoin,2026-02-09 23:03:49.473,70339.16694175807,1405914655947.8264,58996917412.390236,2026-03-03 01:20:38.749277
bitcoin,2026-02-10 00:04:03.099,70123.68796096664,1400890109949.0806,55970867172.749596,2026-03-03 01:20:38.749278
bitcoin,2026-02-10 01:03:52.077,69826.11877692133,1395756356996.6047,55256992263.42356,2026-03-03 01:20:38.749279
bitcoin,2026-02-10 02:04:08.786,70394.23922233515,1406852606889.799,54673189898.7926,2026-03-03 01:20:38.749280
bitcoin,2026-02-10 03:03:21.270,70064.76056999435,1399846184345.6943,53438939737.40437,2026-03-03 01:20:38.749281
bitcoin,2026-02-10 04:02:59.597,69457.98618467282,1388899741558.5356,53117473368.9359,2026-03-03 01:20:38.749281
bitcoin,2026-02-10 05:02:57.463,69797.42294899575,1395535374084.8088,52918572064.28768,2026-03-03 01:20:38.749282
bitcoin,2026-02-10 06:03:02.631,69382.33864852159,1385763849909.7834,52873750035.38654,2026-03-03 01:20:38.749285
bitcoin,2026-02-10 07:03:29.853,68847.05069249081,1376633346563.1565,53506698038.90941,2026-03-03 01:20:38.749286
bitcoin,2026-02-10 08:02:23.150,68881.0732316969,1377102101116.336,52722974911.08274,2026-03-03 01:20:38.749286
bitcoin,2026-02-10 09:03:06.243,69064.99112489945,1380567439458.8699,52034983740.19124,2026-03-03 01:20:38.749289
bitcoin,2026-02-10 10:03:57.962,69105.54398342568,1380574232831.3472,51648701984.67807,2026-03-03 01:20:38.749290
bitcoin,2026-02-10 11:02:24.171,68877.64853072929,1377477355312.6375,50171205626.949326,2026-03-03 01:20:38.749291
bitcoin,2026-02-10 12:03:40.193,68522.82784238047,1368850816301.6614,49736037055.876144,2026-03-03 01:20:38.749291
bitcoin,2026-02-10 13:02:59.479,68543.23050244208,1371268212140.794,49549051754.988556,2026-03-03 01:20:38.749292
bitcoin,2026-02-10 14:02:48.078,68958.60997610839,1378272531894.595,49396649807.45645,2026-03-03 01:20:38.749293
bitcoin,2026-02-10 15:02:24.965,68400.9302576248,1367103059924.5742,49670133970.18679,2026-03-03 01:20:38.749294
bitcoin,2026-02-10 16:03:01.918,69246.28467257677,1383002070806.829,49421123396.0911,2026-03-03 01:20:38.749295
bitcoin,2026-02-10 17:03:21.020,69539.89537574978,1389528961094.7825,49403567289.337654,2026-03-03 01:20:38.749296
bitcoin,2026-02-10 18:03:17.790,69855.81229514664,1394904230572.3618,47715404256.15259,2026-03-03 01:20:38.749296
bitcoin,2026-02-10 19:02:31.070,68892.14110177293,1377798895983.9062,47050514706.2404,2026-03-03 01:20:38.749297
bitcoin,2026-02-10 20:03:11.756,69014.0978254628,1379743583906.3958,46333518662.42322,2026-03-03 01:20:38.749298
bitcoin,2026-02-10 21:00:42.181,68756.11136655635,1373749993590.008,45839394600.42798,2026-03-03 01:20:38.749299
bitcoin,2026-02-10 22:03:18.773,68636.08258362056,1371334635461.6018,44984430354.02971,2026-03-03 01:20:38.749300
bitcoin,2026-02-10 23:03:10.009,68661.02296853696,1372758916880.8652,44352434883.30979,2026-03-03 01:20:38.749302
bitcoin,2026-02-11 00:04:30.101,68787.11157131186,1374903003258.1863,42874724071.0538,2026-03-03 01:20:38.749303
bitcoin,2026-02-11 01:02:58.705,69163.88217016484,1382383852293.8442,41130937835.988235,2026-03-03 01:20:38.749306
bitcoin,2026-02-11 02:03:15.302,68946.97762062182,1378433241594.6108,43655027809.2083,2026-03-03 01:20:38.749307
bitcoin,2026-02-11 03:00:22.849,68644.96060706391,1371758775586.7844,43241083756.32551,2026-03-03 01:20:38.749308
bitcoin,2026-02-11 04:01:58.507,68175.45041937327,1363971120199.794,43356164024.02999,2026-03-03 01:20:38.749308
bitcoin,2026-02-11 05:03:59.711,67551.3977776452,1349856352132.709,44388924843.934395,2026-03-03 01:20:38.749309
bitcoin,2026-02-11 06:03:08.390,67393.1338876921,1348452972129.7776,44617447024.12081,2026-03-03 01:20:38.749310
bitcoin,2026-02-11 07:03:14.850,66764.58898080258,1334089090478.068,44958933490.73366,2026-03-03 01:20:38.749311
bitcoin,2026-02-11 08:00:57.540,67017.05721590634,1341330926966.3987,45160793056.80557,2026-03-03 01:20:38.749312
bitcoin,2026-02-11 09:04:00.815,66970.62905077402,1338226704776.8904,45537195992.77328,2026-03-03 01:20:38.749313
bitcoin,2026-02-11 10:03:42.338,66807.6119388558,1335200848812.6155,45104034962.250755,2026-03-03 01:20:38.749313
bitcoin,2026-02-11 11:00:49.109,66494.98120901024,1327326034695.926,46093190568.38102,2026-03-03 01:20:38.749314
bitcoin,2026-02-11 12:04:26.669,67014.71498124763,1339440713134.7505,45714337674.53007,2026-03-03 01:20:38.749315
bitcoin,2026-02-11 13:02:21.146,67091.50719892021,1341010527145.9333,46254008029.97919,2026-03-03 01:20:38.749316
bitcoin,2026-02-11 14:03:54.080,67437.24255140442,1345620193040.8547,47615116264.20315,2026-03-03 01:20:38.749317
bitcoin,2026-02-11 15:02:22.598,66520.47043126007,1332823223096.2427,45368182105.93343,2026-03-03 01:20:38.749317
bitcoin,2026-02-11 16:03:38.982,66493.85891764812,1330202318477.138,50369095822.03119,2026-03-03 01:20:38.749318
bitcoin,2026-02-11 17:02:57.563,66001.27448137071,1319703198891.1277,50752603750.38526,2026-03-03 01:20:38.749319
bitcoin,2026-02-11 18:03:52.060,66499.01615547431,1330316934485.98,51365400028.15163,2026-03-03 01:20:38.749320
bitcoin,2026-02-11 19:02:54.817,67229.70574812587,1343760943547.8943,51344650665.133995,2026-03-03 01:20:38.749321
bitcoin,2026-02-11 20:02:25.507,67537.2135009556,1349997826143.1123,52141066121.408516,2026-03-03 01:20:38.749322
bitcoin,2026-02-11 21:00:13.247,67486.51819881125,1349423363222.1892,52541115408.86079,2026-03-03 01:20:38.749324
bitcoin,2026-02-11 22:03:11.661,67779.27675800232,1356207200201.8274,53933197656.09622,2026-03-03 01:20:38.749325
bitcoin,2026-02-11 23:02:57.001,67390.92632777932,1347585433401.6316,54306834841.8603,2026-03-03 01:20:38.749326
bitcoin,2026-02-12 00:03:14.816,66993.76514615967,1338453692996.864,54800843034.431206,2026-03-03 01:20:38.749327
bitcoin,2026-02-12 01:03:30.969,67451.07122442544,1348338111850.3723,55317435910.75528,2026-03-03 01:20:38.749328
bitcoin,2026-02-12 02:02:20.907,67649.64782221185,1351326863274.0942,55322335342.2656,2026-03-03 01:20:38.749329
bitcoin,2026-02-12 03:02:13.033,67387.85725544306,1347407077354.7263,55598081784.51839,2026-03-03 01:20:38.749330
bitcoin,2026-02-12 04:02:39.653,67524.26768392987,1348522270916.5657,54424687250.10459,2026-03-03 01:20:38.749332
bitcoin,2026-02-12 05:00:45.953,66986.30434164265,1338919906660.1013,53991969915.361595,2026-03-03 01:20:38.749333
bitcoin,2026-02-12 06:03:07.764,67078.87774531855,1340344128408.836,53319037946.80028,2026-03-03 01:20:38.749334
bitcoin,2026-02-12 07:02:33.276,67053.22272636107,1340504987812.437,51541591158.04954,2026-03-03 01:20:38.749335
bitcoin,2026-02-12 08:03:06.608,67178.4581077123,1342430037040.4868,50899324987.587944,2026-03-03 01:20:38.749336
bitcoin,2026-02-12 09:00:26.396,67025.73999197627,1338949184549.555,51108876405.60461,2026-03-03 01:20:38.749337
bitcoin,2026-02-12 10:03:14.264,67505.20239437708,1350729877055.4067,51282011930.28332,2026-03-03 01:20:38.749338
bitcoin,2026-02-12 11:02:32.327,67918.8668330455,1356354908661.779,50990141316.21877,2026-03-03 01:20:38.749338
bitcoin,2026-02-12 12:03:17.199,68104.64609334413,1360952426567.17,51145339625.11712,2026-03-03 01:20:38.749339
bitcoin,2026-02-12 13:03:24.804,67821.82074131482,1355404809979.113,50669670652.20118,2026-03-03 01:20:38.749340
bitcoin,2026-02-12 14:02:25.455,68308.5139267418,1360820104400.963,49744713826.2284,2026-03-03 01:20:38.749341
bitcoin,2026-02-12 15:02:40.906,67619.70970025606,1354909129524.7017,46693921918.26753,2026-03-03 01:20:38.749342
bitcoin,2026-02-12 16:02:20.668,67107.39876003392,1342113833851.5198,44901368488.96015,2026-03-03 01:20:38.749346
bitcoin,2026-02-12 17:03:20.830,65788.29080024328,1315449960996.633,46749299373.93626,2026-03-03 01:20:38.749347
bitcoin,2026-02-12 18:02:16.279,65411.62913430127,1308686159097.6912,48015526327.47796,2026-03-03 01:20:38.749348
bitcoin,2026-02-12 19:03:24.539,65536.35172344626,1309891650630.005,48298454644.78653,2026-03-03 01:20:38.749349
bitcoin,2026-02-12 20:00:43.822,65787.26041698357,1316779494628.517,48989373398.98654,2026-03-03 01:20:38.749349
bitcoin,2026-02-12 21:00:44.970,65373.153465460666,1306659190335.026,48913471510.32064,2026-03-03 01:20:38.749350
bitcoin,2026-02-12 22:02:00.672,65760.26221328336,1314278285814.2026,47531343694.627014,2026-03-03 01:20:38.749351
bitcoin,2026-02-12 23:01:40.131,66246.03819951249,1322527539117.699,47942956093.085434,2026-03-03 01:20:38.749352
bitcoin,2026-02-13 00:02:43.643,66192.37908688825,1323841048612.3945,47701691655.57554,2026-03-03 01:20:38.749353
bitcoin,2026-02-13 01:03:04.364,65907.85178274351,1318148475931.5212,48113619710.325676,2026-03-03 01:20:38.749354
bitcoin,2026-02-13 02:02:40.046,66354.20379582758,1325619563599.6091,48298946112.645065,2026-03-03 01:20:38.749354
bitcoin,2026-02-13 03:00:22.916,66660.74922526913,1331938877004.9822,47952305390.48384,2026-03-03 01:20:38.749355
bitcoin,2026-02-13 04:02:44.083,66460.80346947702,1328179146341.5642,48074293429.11157,2026-03-03 01:20:38.749356
bitcoin,2026-02-13 05:03:22.630,66287.2478700668,1325272517026.215,48214914366.40085,2026-03-03 01:20:38.749357
bitcoin,2026-02-13 06:03:32.338,66145.26647622047,1323757655038.2188,47491349138.333954,2026-03-03 01:20:38.749358
bitcoin,2026-02-13 07:03:44.946,66319.79278508217,1325263679921.2485,46633005813.40141,2026-03-03 01:20:38.749359
bitcoin,2026-02-13 08:00:49.134,66168.09118045383,1323362643290.3442,47724018561.13271,2026-03-03 01:20:38.749359
bitcoin,2026-02-13 09:03:24.328,66633.60165762658,1331780078498.1426,47720173701.29639,2026-03-03 01:20:38.749360
bitcoin,2026-02-13 10:01:13.183,66895.3374846119,1337766479450.2852,47889035286.38281,2026-03-03 01:20:38.749361
bitcoin,2026-02-13 11:02:34.662,66928.08718593771,1338583414413.1057,47964373213.115555,2026-03-03 01:20:38.749362
bitcoin,2026-02-13 12:01:49.205,67126.01455622054,1341807862263.5625,46542115316.03613,2026-03-03 01:20:38.749364
bitcoin,2026-02-13 13:02:40.617,67051.53066547718,1341956619077.282,45919635881.57735,2026-03-03 01:20:38.749365
bitcoin,2026-02-13 14:02:13.464,67252.78657169837,1345734175961.3442,47515963291.74175,2026-03-03 01:20:38.749368
bitcoin,2026-02-13 15:02:14.383,67680.10358293349,1352775278210.1436,48184630500.17931,2026-03-03 01:20:38.749369
bitcoin,2026-02-13 16:00:00.271,68601.35608327099,1371720048423.9116,45150077540.96676,2026-03-03 01:20:38.749370
bitcoin,2026-02-13 17:00:00.793,69105.3880728048,1380593673471.9575,49058345773.97718,2026-03-03 01:20:38.749370
bitcoin,2026-02-13 18:00:13.595,69016.92320744746,1379718241510.0786,47383287375.53593,2026-03-03 01:20:38.749371
bitcoin,2026-02-13 19:01:34.480,69097.83747759652,1382728388417.5027,45938355145.19039,2026-03-03 01:20:38.749372
bitcoin,2026-02-13 20:03:03.748,68928.36804915236,1379784518790.0535,45528663791.55932,2026-03-03 01:20:38.749373
bitcoin,2026-02-13 21:03:27.968,68733.84411753804,1372842115032.2578,44917475797.290825,2026-03-03 01:20:38.749374
bitcoin,2026-02-13 22:03:43.321,68842.4853080273,1374793793201.3455,44775516161.81126,2026-03-03 01:20:38.749376
bitcoin,2026-02-13 23:02:30.239,68930.85615649213,1376644913961.3909,44504820255.95207,2026-03-03 01:20:38.749377
bitcoin,2026-02-14 00:02:15.076,68848.91601457071,1376526525910.444,43251101935.55212,2026-03-03 01:20:38.749378
bitcoin,2026-02-14 01:02:38.064,69052.11814104643,1380484225590.9827,42778849443.538086,2026-03-03 01:20:38.749379
bitcoin,2026-02-14 02:01:31.662,68925.81413527165,1377421996287.8242,42004195777.86413,2026-03-03 01:20:38.749380
bitcoin,2026-02-14 03:01:23.799,68850.55795334087,1376424176460.0073,41282735570.54003,2026-03-03 01:20:38.749381
bitcoin,2026-02-14 04:02:32.219,68946.54151316333,1378426475829.8816,40795094229.310936,2026-03-03 01:20:38.749382
bitcoin,2026-02-14 05:03:29.194,68759.15934178799,1374723177519.6035,40612474007.65937,2026-03-03 01:20:38.749382
bitcoin,2026-02-14 06:02:57.673,68742.18544956709,1374196243635.902,40022585459.32456,2026-03-03 01:20:38.749383
bitcoin,2026-02-14 07:00:42.384,68897.33349196923,1377085924387.5547,39928151639.67787,2026-03-03 01:20:38.749386
bitcoin,2026-02-14 08:03:00.778,69189.82934923672,1383567649471.7507,39704978719.23175,2026-03-03 01:20:38.749387
bitcoin,2026-02-14 09:00:45.397,69726.25267790715,1393344878708.4436,40599333406.876785,2026-03-03 01:20:38.749388
bitcoin,2026-02-14 10:01:36.364,69691.52126791891,1393072103344.5789,39904915437.59087,2026-03-03 01:20:38.749401
bitcoin,2026-02-14 11:03:23.061,69635.27468433385,1391273656404.1218,39669658327.708466,2026-03-03 01:20:38.749402
bitcoin,2026-02-14 12:00:48.924,70434.28463415819,1407801992512.048,41507093219.51716,2026-03-03 01:20:38.749403
bitcoin,2026-02-14 13:03:48.660,69633.0263652205,1394358269444.942,43865117570.30932,2026-03-03 01:20:38.749404
bitcoin,2026-02-14 14:03:05.751,69416.53585336605,1386453714010.4058,45423759271.67148,2026-03-03 01:20:38.749404
bitcoin,2026-02-14 15:03:09.174,69702.71797144218,1395303364629.2756,44970344458.49436,2026-03-03 01:20:38.749405
bitcoin,2026-02-14 16:03:01.553,69761.73770486697,1394454429313.261,41130936726.03528,2026-03-03 01:20:38.749406
bitcoin,2026-02-14 17:02:56.652,69709.11375885298,1393387019515.1985,40259239283.45114,2026-03-03 01:20:38.749407
bitcoin,2026-02-14 18:03:11.441,69687.28327880825,1393451990353.2805,40040345552.868195,2026-03-03 01:20:38.749408
bitcoin,2026-02-14 19:02:40.114,69733.54122326875,1393945613849.2246,38724650716.55669,2026-03-03 01:20:38.749409
bitcoin,2026-02-14 20:02:42.490,69825.50119312223,1395500681733.6711,38447732149.98498,2026-03-03 01:20:38.749409
bitcoin,2026-02-14 21:02:48.961,69990.8175307309,1398569328205.1226,38078112131.58221,2026-03-03 01:20:38.749410
bitcoin,2026-02-14 22:03:59.163,69884.50659515375,1397002545819.953,39003121812.8865,2026-03-03 01:20:38.749411
bitcoin,2026-02-14 23:02:56.125,69924.91653176714,1398594128416.785,39057623317.86665,2026-03-03 01:20:38.749412
bitcoin,2026-02-15 00:03:53.822,69774.2353259966,1394599877204.5352,38933493304.641884,2026-03-03 01:20:38.749413
bitcoin,2026-02-15 01:03:26.838,69729.48913093255,1393748877521.4824,38684550920.876015,2026-03-03 01:20:38.749414
bitcoin,2026-02-15 02:03:27.924,69674.4394979836,1391766498583.5896,39045697388.54645,2026-03-03 01:20:38.749414
bitcoin,2026-02-15 03:02:56.910,69463.07617718862,1389399993039.763,39956539817.579315,2026-03-03 01:20:38.749417
bitcoin,2026-02-15 04:04:12.938,69961.3128035441,1397479656631.672,40833202712.20845,2026-03-03 01:20:38.749418
bitcoin,2026-02-15 05:03:27.845,70155.37241359024,1401554313317.861,42838505803.46751,2026-03-03 01:20:38.749419
bitcoin,2026-02-15 06:02:53.187,70243.08860355157,1404700153503.9421,43297737779.191246,2026-03-03 01:20:38.749420
bitcoin,2026-02-15 07:03:53.261,70373.12694780517,1406705445776.7847,43434701266.0676,2026-03-03 01:20:38.749421
bitcoin,2026-02-15 08:02:44.187,70786.26660662086,1413434188068.9026,44923625589.27077,2026-03-03 01:20:38.749421
bitcoin,2026-02-15 09:03:49.234,70411.32054067256,1407508159164.2466,44558798135.884926,2026-03-03 01:20:38.749422
bitcoin,2026-02-15 10:02:50.020,70376.88960841866,1407235614960.0854,44221901300.58948,2026-03-03 01:20:38.749423
bitcoin,2026-02-15 11:03:16.261,70404.94823152284,1408066430018.3054,44440319311.44865,2026-03-03 01:20:38.749424
bitcoin,2026-02-15 12:03:02.331,70267.17175907342,1404427441572.7932,42656707239.25695,2026-03-03 01:20:38.749425
bitcoin,2026-02-15 13:04:10.361,69387.60144625134,1388621630920.8484,42551482718.76556,2026-03-03 01:20:38.749426
bitcoin,2026-02-15 14:03:24.829,68940.40544020956,1377855209249.119,41071921519.03688,2026-03-03 01:20:38.749426
bitcoin,2026-02-15 15:03:40.327,69110.93706350432,1381102656721.1335,39546405848.89789,2026-03-03 01:20:38.749427
bitcoin,2026-02-15 16:03:25.270,69060.54773085675,1379415773287.8787,38531987079.00762,2026-03-03 01:20:38.749430
bitcoin,2026-02-15 17:02:37.916,69004.9733197395,1379534014787.69,38867825300.79624,2026-03-03 01:20:38.749431
bitcoin,2026-02-15 18:02:37.233,68580.5740698471,1370092546769.3562,39012592092.01335,2026-03-03 01:20:38.749432
bitcoin,2026-02-15 19:00:32.737,68391.51912497477,1366593030340.1035,41597413648.63246,2026-03-03 01:20:38.749433
bitcoin,2026-02-15 20:02:58.384,68282.55660712713,1365637167551.5122,43838127124.04908,2026-03-03 01:20:38.749434
bitcoin,2026-02-15 21:03:19.174,68418.56410917995,1367609253181.3987,43276489914.20396,2026-03-03 01:20:38.749434
bitcoin,2026-02-15 22:02:36.165,68837.65412375923,1376409152103.4316,43363826540.775185,2026-03-03 01:20:38.749437
bitcoin,2026-02-15 23:02:34.604,68923.26011623367,1377737145863.3423,43705863143.99274,2026-03-03 01:20:38.749438
bitcoin,2026-02-16 00:01:51.693,68781.29710864896,1374263820965.6946,44059453860.74732,2026-03-03 01:20:38.749439
bitcoin,2026-02-16 01:02:26.273,68807.54988540319,1376250689034.6106,43925298744.616234,2026-03-03 01:20:38.749439
bitcoin,2026-02-16 02:02:27.636,68600.88251203044,1371246410813.0623,43706313176.74043,2026-03-03 01:20:38.749440
bitcoin,2026-02-16 03:02:20.011,68299.08789823233,1364497116080.9758,44381880563.794395,2026-03-03 01:20:38.749441
bitcoin,2026-02-16 04:01:47.482,68378.05073894249,1366693192414.0427,43672421142.131454,2026-03-03 01:20:38.749442
bitcoin,2026-02-16 05:02:17.250,68833.3771011827,1375873999670.2783,41648269413.236465,2026-03-03 01:20:38.749443
bitcoin,2026-02-16 06:01:24.553,68368.57404069978,1366961740195.3474,41136567612.14246,2026-03-03 01:20:38.749445
bitcoin,2026-02-16 07:03:13.191,68411.1284780013,1367672490789.049,40630711877.04079,2026-03-03 01:20:38.749446
bitcoin,2026-02-16 08:02:53.131,68543.04733752139,1369677703718.291,38909820329.00336,2026-03-03 01:20:38.749447
bitcoin,2026-02-16 09:01:45.102,68726.37761691494,1373702122261.663,38007111217.44776,2026-03-03 01:20:38.749448
bitcoin,2026-02-16 10:03:03.125,68939.5890405427,1378635158949.8887,38137487836.65997,2026-03-03 01:20:38.749449
bitcoin,2026-02-16 11:02:39.271,68766.4623978235,1374752193855.3496,37706242633.155945,2026-03-03 01:20:38.749450
bitcoin,2026-02-16 12:02:27.089,68817.00684590373,1375962724624.2168,37973118938.36069,2026-03-03 01:20:38.749450
bitcoin,2026-02-16 13:02:29.167,69720.91528212125,1394144163689.062,38832877121.510185,2026-03-03 01:20:38.749451
bitcoin,2026-02-16 14:02:42.123,68361.14702019827,1365965491386.296,39297775118.03769,2026-03-03 01:20:38.749452
bitcoin,2026-02-16 15:03:42.183,68381.76268962049,1366245284571.7217,40027605258.46201,2026-03-03 01:20:38.749453
bitcoin,2026-02-16 16:02:57.265,67513.43201399366,1349633423967.245,42221842569.46593,2026-03-03 01:20:38.749454
bitcoin,2026-02-16 17:02:48.139,67830.48266944081,1355425036360.7043,41968084897.96016,2026-03-03 01:20:38.749455
bitcoin,2026-02-16 18:02:37.493,67923.40204674947,1357790928500.96,41516441916.79735,2026-03-03 01:20:38.749457
bitcoin,2026-02-16 19:03:58.387,67845.65549273694,1356276366564.1353,39034271272.765396,2026-03-03 01:20:38.749458
bitcoin,2026-02-16 20:03:20.491,67881.7978501668,1357171755015.4387,36519697773.297485,2026-03-03 01:20:38.749459
bitcoin,2026-02-16 21:03:26.309,68479.96365635042,1367522314745.3699,36839510054.91049,2026-03-03 01:20:38.749460
bitcoin,2026-02-16 22:03:48.549,68804.97684090007,1376077437467.2327,36989741564.88966,2026-03-03 01:20:38.749461
bitcoin,2026-02-16 23:02:56.121,68589.22180875255,1371278886768.2664,37273468048.005486,2026-03-03 01:20:38.749461
bitcoin,2026-02-17 00:03:30.055,68852.48637282102,1376232453104.8237,36572599362.38889,2026-03-03 01:20:38.749462
bitcoin,2026-02-17 01:02:15.223,68856.54508076754,1376375896538.9146,36927057262.08928,2026-03-03 01:20:38.749463
bitcoin,2026-02-17 02:02:36.279,68587.90136643896,1371367616629.9124,36327672525.65932,2026-03-03 01:20:38.749464
bitcoin,2026-02-17 03:03:36.425,68815.02905097854,1377665983324.936,36816177766.43137,2026-03-03 01:20:38.749465
bitcoin,2026-02-17 04:02:11.916,68465.88015024242,1368522197956.067,35989118077.294205,2026-03-03 01:20:38.749465
bitcoin,2026-02-17 05:00:42.446,68419.78749680043,1367154276274.4106,36126242159.48267,2026-03-03 01:20:38.749466
bitcoin,2026-02-17 06:00:45.069,68196.19133548804,1363488217668.362,36581384447.753426,2026-03-03 01:20:38.749467
bitcoin,2026-02-17 07:04:03.279,68358.38868471434,1366659922986.1638,36497778423.0303,2026-03-03 01:20:38.749468
bitcoin,2026-02-17 08:02:00.124,68358.54885195654,1367360907070.3293,36524847831.598274,2026-03-03 01:20:38.749469
bitcoin,2026-02-17 09:02:01.710,68142.87710761404,1361939500101.539,36154433716.507095,2026-03-03 01:20:38.749470
bitcoin,2026-02-17 10:01:55.931,68079.29361360389,1360965145195.0728,36208180455.52801,2026-03-03 01:20:38.749470
bitcoin,2026-02-17 11:02:15.716,67784.02666527066,1354853145632.2026,36630534471.703926,2026-03-03 01:20:38.749473
bitcoin,2026-02-17 12:00:32.329,67833.14545257023,1355912870545.4268,36728930327.18999,2026-03-03 01:20:38.749474
bitcoin,2026-02-17 13:02:18.178,67888.17582537961,1356919756026.602,34909822549.05763,2026-03-03 01:20:38.749476
bitcoin,2026-02-17 14:00:33.831,68091.7970259687,1362280599306.1533,33752121508.073776,2026-03-03 01:20:38.749477
bitcoin,2026-02-17 15:02:31.408,66900.86088977731,1338478542311.518,35004692496.10207,2026-03-03 01:20:38.749478
bitcoin,2026-02-17 16:02:27.028,67352.03557682618,1345437480648.2722,35239069460.506386,2026-03-03 01:20:38.749479
bitcoin,2026-02-17 17:00:38.300,67520.45663312795,1349824263979.7305,36626716150.86161,2026-03-03 01:20:38.749480
bitcoin,2026-02-17 18:02:45.274,67198.53776740881,1343514823943.5718,37612963257.10952,2026-03-03 01:20:38.749481
bitcoin,2026-02-17 19:03:20.349,68070.65432562269,1362060344728.0195,38524971730.37012,2026-03-03 01:20:38.749482
bitcoin,2026-02-17 20:01:05.001,67789.9677181016,1355875045420.0913,39134927307.9145,2026-03-03 01:20:38.749483
bitcoin,2026-02-17 21:02:12.834,67729.879969294,1354263662250.228,39336930269.861115,2026-03-03 01:20:38.749483
bitcoin,2026-02-17 22:03:10.689,67643.96687622776,1351926951459.1824,38650434779.58925,2026-03-03 01:20:38.749484
bitcoin,2026-02-17 23:02:38.968,67511.08100510074,1349528717639.0972,38395544655.38398,2026-03-03 01:20:38.749485
bitcoin,2026-02-18 00:02:03.508,67478.66920269319,1349041378323.5496,38229721350.363174,2026-03-03 01:20:38.749486
bitcoin,2026-02-18 01:02:16.416,67295.93918777717,1344990905681.665,37481625573.948105,2026-03-03 01:20:38.749487
bitcoin,2026-02-18 02:01:52.564,67121.17416691722,1341826910342.3489,34217119692.472115,2026-03-03 01:20:38.749488
bitcoin,2026-02-18 03:01:45.436,67298.87495580375,1345277494716.054,37082948920.82653,2026-03-03 01:20:38.749488
bitcoin,2026-02-18 04:03:23.314,67605.87435157233,1351926790467.2825,37182166644.43167,2026-03-03 01:20:38.749489
bitcoin,2026-02-18 05:01:46.523,67770.52548526973,1355311705473.6704,37258218172.244255,2026-03-03 01:20:38.749490
bitcoin,2026-02-18 06:00:32.154,67610.24909276767,1351804226115.438,36190226981.47406,2026-03-03 01:20:38.749491
bitcoin,2026-02-18 07:02:26.424,67812.32340573036,1355650124978.4922,36279028092.04187,2026-03-03 01:20:38.749492
bitcoin,2026-02-18 08:02:55.802,68087.77007418862,1361873113206.1956,36703040743.899994,2026-03-03 01:20:38.749493
bitcoin,2026-02-18 09:01:12.191,68092.30939990666,1360777752289.6675,37070301208.7109,2026-03-03 01:20:38.749495
bitcoin,2026-02-18 10:03:22.928,68130.76658086086,1362495216965.6257,36764127032.18955,2026-03-03 01:20:38.749496
bitcoin,2026-02-18 11:02:36.503,67757.18921579409,1354829542409.4731,36694251750.53921,2026-03-03 01:20:38.749497
bitcoin,2026-02-18 12:02:21.509,67378.80486981728,1349650732167.7896,37243789152.379196,2026-03-03 01:20:38.749498
bitcoin,2026-02-18 13:02:08.004,67465.52794094842,1349724887534.8499,37118013395.216324,2026-03-03 01:20:38.749499
bitcoin,2026-02-18 14:02:14.250,67191.89205610077,1341038746639.9807,36800808405.125916,2026-03-03 01:20:38.749499
bitcoin,2026-02-18 15:01:49.221,67156.67569324691,1342363938591.6348,35730171678.10324,2026-03-03 01:20:38.749500
bitcoin,2026-02-18 16:02:19.135,67663.21696845596,1355186742430.6602,34816752345.12441,2026-03-03 01:20:38.749501
bitcoin,2026-02-18 17:00:44.658,67105.62639714318,1340920455645.7107,34304419793.624546,2026-03-03 01:20:38.749502
bitcoin,2026-02-18 18:01:35.746,67147.92942211787,1340914124922.8313,33354650307.878956,2026-03-03 01:20:38.749503
bitcoin,2026-02-18 19:00:25.557,66315.35717122022,1327659762775.5588,33920556777.73735,2026-03-03 01:20:38.749503
bitcoin,2026-02-18 20:02:01.312,66143.11023952397,1322080009010.078,34610151591.20639,2026-03-03 01:20:38.749504
bitcoin,2026-02-18 21:02:03.574,66245.54294126258,1324389132802.972,35200176100.691055,2026-03-03 01:20:38.749505
bitcoin,2026-02-18 22:01:46.007,66319.09854121489,1325924002125.6704,35736897625.33467,2026-03-03 01:20:38.749508
bitcoin,2026-02-18 23:01:23.232,66395.02300417775,1327387973549.6963,36244828945.818726,2026-03-03 01:20:38.749509
bitcoin,2026-02-19 00:01:13.233,66437.13592509933,1328256573832.1382,35928484483.82767,2026-03-03 01:20:38.749509
bitcoin,2026-02-19 01:03:18.732,66422.48277202653,1327038319765.416,35770496577.7459,2026-03-03 01:20:38.749510
bitcoin,2026-02-19 02:02:40.008,66833.17282840105,1336101508009.568,35684366154.69013,2026-03-03 01:20:38.749511
bitcoin,2026-02-19 03:00:44.709,66822.55646014048,1332953887586.7861,32900121060.5897,2026-03-03 01:20:38.749512
bitcoin,2026-02-19 04:00:41.661,66933.92747646493,1337443283473.152,36226210236.364105,2026-03-03 01:20:38.749514
bitcoin,2026-02-19 05:03:18.157,66780.89118616698,1335650269108.8242,36095149523.59549,2026-03-03 01:20:38.749515
bitcoin,2026-02-19 06:01:02.769,66837.42029796186,1336169574599.0684,35761486922.77008,2026-03-03 01:20:38.749520
bitcoin,2026-02-19 07:01:01.425,67116.50346018281,1342406841127.452,36550123836.43581,2026-03-03 01:20:38.749521
bitcoin,2026-02-19 08:01:55.418,67170.02189428693,1342725615542.5183,36263879475.72366,2026-03-03 01:20:38.749521
bitcoin,2026-02-19 09:02:23.652,66935.07201032821,1337108013220.5625,36158594718.4567,2026-03-03 01:20:38.749522
bitcoin,2026-02-19 10:02:42.686,66811.14558678101,1335803025331.3582,36096597974.37265,2026-03-03 01:20:38.749523
bitcoin,2026-02-19 11:02:45.150,66808.56146870888,1335481009046.2322,35862139469.140465,2026-03-03 01:20:38.749524
bitcoin,2026-02-19 12:02:41.805,66477.69591909723,1329325099983.3271,34505825311.607925,2026-03-03 01:20:38.749525
bitcoin,2026-02-19 13:00:53.718,66493.38343507201,1329206787351.5154,35162078412.38936,2026-03-03 01:20:38.749525
bitcoin,2026-02-19 14:02:07.060,65893.78142463525,1317522946033.3735,36293294637.99276,2026-03-03 01:20:38.749526
bitcoin,2026-02-19 15:01:08.233,66395.49662413551,1329636594223.3318,36864335694.48374,2026-03-03 01:20:38.749527
bitcoin,2026-02-19 16:01:02.850,66361.8367706384,1325432244942.995,36576101386.952866,2026-03-03 01:20:38.749528
bitcoin,2026-02-19 17:02:00.239,66301.02313033368,1325587905171.1301,36306790240.44211,2026-03-03 01:20:38.749529
bitcoin,2026-02-19 18:01:57.321,66299.1689966471,1325547549535.9841,36887593973.56029,2026-03-03 01:20:38.749530
bitcoin,2026-02-19 19:02:15.671,66982.72221505808,1338004538926.3125,36186373960.30936,2026-03-03 01:20:38.749530
bitcoin,2026-02-19 20:00:39.949,67011.6707462627,1339587738491.7773,35131927433.58472,2026-03-03 01:20:38.749531
bitcoin,2026-02-19 21:03:22.401,67091.72571178003,1341228445153.5933,34446610431.36371,2026-03-03 01:20:38.749532
bitcoin,2026-02-19 22:02:07.434,66898.79302429323,1337528182405.7349,33870178212.0521,2026-03-03 01:20:38.749533
bitcoin,2026-02-19 23:03:24.375,66915.1097813609,1337359275967.5999,34327242105.6028,2026-03-03 01:20:38.749534
bitcoin,2026-02-20 00:02:36.225,66956.66409601258,1338349706526.495,33879277609.399834,2026-03-03 01:20:38.749536
bitcoin,2026-02-20 01:02:32.687,67227.67488249822,1344012559516.2244,34847035123.440544,2026-03-03 01:20:38.749537
bitcoin,2026-02-20 02:02:26.623,67247.43012565825,1343720468185.2925,34370034183.185135,2026-03-03 01:20:38.749538
bitcoin,2026-02-20 03:02:09.439,67239.57495785308,1344568962119.935,34039828298.241695,2026-03-03 01:20:38.749539
bitcoin,2026-02-20 04:02:47.556,67334.82652058548,1345985534096.1396,33919864270.133335,2026-03-03 01:20:38.749540
bitcoin,2026-02-20 05:03:44.628,67232.6875433637,1343832617291.0532,33849496455.072475,2026-03-03 01:20:38.749541
bitcoin,2026-02-20 06:03:41.193,67767.35955427619,1355645458807.751,35856352869.94796,2026-03-03 01:20:38.749542
bitcoin,2026-02-20 07:00:06.770,67839.84481085645,1355601777040.4802,35670030493.24213,2026-03-03 01:20:38.749542
bitcoin,2026-02-20 08:03:39.701,67806.37469278977,1355217540053.5317,35747948062.38002,2026-03-03 01:20:38.749543
bitcoin,2026-02-20 09:02:55.707,67850.71900445792,1356569736169.2195,34903093391.62193,2026-03-03 01:20:38.749544
bitcoin,2026-02-20 10:01:58.021,68172.85620895511,1362912020052.947,35742718701.57101,2026-03-03 01:20:38.749545
bitcoin,2026-02-20 11:02:43.278,67910.89892947351,1357989832772.0613,35966371865.23613,2026-03-03 01:20:38.749546
bitcoin,2026-02-20 12:02:28.194,67346.76441904357,1349225821139.3347,37774043405.5673,2026-03-03 01:20:38.749547
bitcoin,2026-02-20 13:03:08.447,67502.25731074518,1349066149530.3792,37565003446.595436,2026-03-03 01:20:38.749547
bitcoin,2026-02-20 14:02:15.266,66754.63539163572,1335911335057.479,38378946389.60511,2026-03-03 01:20:38.749548
bitcoin,2026-02-20 15:03:27.650,67101.97572410556,1340423993418.459,37203278831.01306,2026-03-03 01:20:38.749549
bitcoin,2026-02-20 16:03:25.167,67558.75301277851,1350307203281.2756,45762985262.41321,2026-03-03 01:20:38.749550
bitcoin,2026-02-20 17:01:07.292,67782.28579901981,1353085171821.2815,47003527895.933716,2026-03-03 01:20:38.749551
bitcoin,2026-02-20 18:02:36.353,67582.50451035672,1350531432372.424,50839356553.82829,2026-03-03 01:20:38.749552
bitcoin,2026-02-20 19:02:26.779,67920.91594116506,1356554098877.1365,52476074893.29406,2026-03-03 01:20:38.749554
bitcoin,2026-02-20 20:03:19.390,67622.66814335548,1351928566637.2793,51611599983.447044,2026-03-03 01:20:38.749555
bitcoin,2026-02-20 21:02:56.127,67700.63320434374,1353403799006.3037,52770846389.65328,2026-03-03 01:20:38.749556
bitcoin,2026-02-20 22:00:09.080,67774.4148817248,1355007228799.2947,52700512575.84199,2026-03-03 01:20:38.749557
bitcoin,2026-02-20 23:01:49.104,68041.9989547035,1360322371913.5127,52884092583.59717,2026-03-03 01:20:38.749557
bitcoin,2026-02-21 00:01:35.614,68001.16900641973,1359469462316.509,52999595424.758705,2026-03-03 01:20:38.749560
bitcoin,2026-02-21 01:01:26.318,67814.84736860167,1355635635156.9617,52975799223.269745,2026-03-03 01:20:38.749561
bitcoin,2026-02-21 02:02:26.125,67938.11806652314,1358282500204.6912,52432002589.977234,2026-03-03 01:20:38.749562
bitcoin,2026-02-21 03:00:21.704,67990.97108159284,1359117431220.2097,52222419380.26679,2026-03-03 01:20:38.749562
bitcoin,2026-02-21 04:02:45.685,67636.09802439428,1351318194243.5188,52718098251.26019,2026-03-03 01:20:38.749563
bitcoin,2026-02-21 05:02:06.973,67795.1935276166,1354176227714.9194,52085349207.79657,2026-03-03 01:20:38.749564
bitcoin,2026-02-21 06:02:07.329,67833.35816343532,1356160444263.4153,50853375201.58831,2026-03-03 01:20:38.749565
bitcoin,2026-02-21 07:00:41.289,67771.15490900952,1354781856230.9272,49992693850.78194,2026-03-03 01:20:38.749566
bitcoin,2026-02-21 08:02:31.186,67835.58161535914,1355970975405.2095,49222749125.13832,2026-03-03 01:20:38.749566
bitcoin,2026-02-21 09:02:18.042,68033.45506604825,1359460389652.8943,49491090943.66648,2026-03-03 01:20:38.749567
bitcoin,2026-02-21 10:02:32.943,68134.27481021718,1362118556169.88,48813531917.375336,2026-03-03 01:20:38.749568
bitcoin,2026-02-21 11:02:10.600,68185.96157291178,1362959149853.6035,48509882920.52385,2026-03-03 01:20:38.749569
bitcoin,2026-02-21 12:02:20.281,68080.98290497396,1361065537375.3523,47038911339.985275,2026-03-03 01:20:38.749570
bitcoin,2026-02-21 13:00:46.188,68177.9654336213,1362700870642.535,46533219794.29697,2026-03-03 01:20:38.749571
bitcoin,2026-02-21 14:02:20.586,68234.65912706646,1363395028292.88,39953156063.9003,2026-03-03 01:20:38.749573
bitcoin,2026-02-21 15:01:55.506,68447.8539525863,1368310872641.172,37597077627.074,2026-03-03 01:20:38.749576
bitcoin,2026-02-21 16:01:14.798,68624.35686959434,1371628531454.0684,33799830795.534966,2026-03-03 01:20:38.749577
bitcoin,2026-02-21 17:03:12.362,68302.62450497187,1365618055175.1528,31444013702.98947,2026-03-03 01:20:38.749578
bitcoin,2026-02-21 18:02:24.648,68404.98992152564,1367751849645.189,25937828307.78672,2026-03-03 01:20:38.749579
bitcoin,2026-02-21 19:03:43.634,68560.684656393,1370969527644.6187,24011096965.29721,2026-03-03 01:20:38.749580
bitcoin,2026-02-21 20:03:54.370,68519.98114654892,1369992769405.5837,22704659116.287823,2026-03-03 01:20:38.749581
bitcoin,2026-02-21 21:03:16.046,68284.76941071317,1365910955488.6333,22461786261.46867,2026-03-03 01:20:38.749582
bitcoin,2026-02-21 22:02:41.418,68352.67780821405,1366338261469.5854,21662021984.115166,2026-03-03 01:20:38.749582
bitcoin,2026-02-21 23:03:25.336,67951.15591282771,1359902058280.7515,20982782461.535824,2026-03-03 01:20:38.749583
bitcoin,2026-02-22 00:02:08.172,67978.79019389286,1359318031083.638,20631874041.429424,2026-03-03 01:20:38.749584
bitcoin,2026-02-22 01:00:31.466,67894.39819865709,1356675887766.6492,20342120422.571453,2026-03-03 01:20:38.749585
bitcoin,2026-02-22 02:02:07.786,68113.19039347471,1361779318746.2253,20342032221.16472,2026-03-03 01:20:38.749586
bitcoin,2026-02-22 03:02:26.272,67883.45039283701,1357388781064.4143,20207100163.928967,2026-03-03 01:20:38.749587
bitcoin,2026-02-22 04:02:04.682,68008.42174669018,1359353579890.3096,20046904933.014023,2026-03-03 01:20:38.749588
bitcoin,2026-02-22 05:02:50.149,67960.92293554958,1358990210193.2058,19901876754.82649,2026-03-03 01:20:38.749588
bitcoin,2026-02-22 06:03:09.438,67946.0233073144,1357362901055.4727,19856016731.85711,2026-03-03 01:20:38.749589
bitcoin,2026-02-22 07:02:21.131,68026.51169714678,1360120902890.2598,19902331872.46914,2026-03-03 01:20:38.749590
bitcoin,2026-02-22 08:03:39.719,67985.83510142777,1359312627157.7244,19948265808.547012,2026-03-03 01:20:38.749591
bitcoin,2026-02-22 09:02:02.518,67950.31445098891,1358532235449.9695,19701161473.899517,2026-03-03 01:20:38.749592
bitcoin,2026-02-22 10:02:35.532,68039.3698178956,1360475409500.372,19087643710.936626,2026-03-03 01:20:38.749594
bitcoin,2026-02-22 11:02:08.739,68119.230120068,1361904700311.2305,18324481608.91408,2026-03-03 01:20:38.749595
bitcoin,2026-02-22 12:03:13.668,68194.59339383944,1363047990411.1575,18605105808.47107,2026-03-03 01:20:38.749596
bitcoin,2026-02-22 13:02:40.756,67931.58019160847,1358212893333.8643,18738974940.73697,2026-03-03 01:20:38.749597
bitcoin,2026-02-22 14:02:29.467,67631.9324739407,1351650316055.4404,19518219247.22259,2026-03-03 01:20:38.749598
bitcoin,2026-02-22 15:02:41.726,67417.69362212557,1348133993080.4417,19518102712.770893,2026-03-03 01:20:38.749598
bitcoin,2026-02-22 16:02:51.675,67664.896296285,1353523445098.5107,20158620602.1457,2026-03-03 01:20:38.749599
bitcoin,2026-02-22 17:02:08.771,67607.70037223128,1351621055107.986,19344845908.13082,2026-03-03 01:20:38.749600
bitcoin,2026-02-22 18:02:34.862,67338.17491674826,1346661447915.1086,20087401704.98275,2026-03-03 01:20:38.749603
bitcoin,2026-02-22 19:02:26.046,67408.00208323984,1347967576300.9734,20015558278.764023,2026-03-03 01:20:38.749604
bitcoin,2026-02-22 20:03:02.538,67401.27120317247,1347714519648.3796,19915329680.06553,2026-03-03 01:20:38.749605
bitcoin,2026-02-22 21:03:00.332,67368.4929540634,1346924215144.3293,19917017997.154083,2026-03-03 01:20:38.749606
bitcoin,2026-02-22 22:02:33.305,67584.46138307691,1351278601750.3518,19942744332.965183,2026-03-03 01:20:38.749607
bitcoin,2026-02-22 23:02:40.889,67654.03558297858,1352826313832.675,19936754579.791443,2026-03-03 01:20:38.749607
bitcoin,2026-02-23 00:00:13.999,67585.11718938159,1350654423261.9365,20354767532.065258,2026-03-03 01:20:38.749608
bitcoin,2026-02-23 01:02:25.581,66754.4877270225,1337278002482.304,21159311987.17305,2026-03-03 01:20:38.749609
bitcoin,2026-02-23 02:03:22.673,64435.12705551635,1291690093530.225,29019798321.04708,2026-03-03 01:20:38.749610
bitcoin,2026-02-23 03:03:09.168,64758.93071258205,1293886396163.8896,31426989900.709023,2026-03-03 01:20:38.749611
bitcoin,2026-02-23 04:02:18.792,64939.82443268619,1299023323430.6187,32828730074.40712,2026-03-03 01:20:38.749612
bitcoin,2026-02-23 05:02:58.408,64795.05744679692,1295410401551.0022,32953310863.566624,2026-03-03 01:20:38.749612
bitcoin,2026-02-23 06:02:35.984,65040.40875534817,1300381510025.5283,35325958286.85151,2026-03-03 01:20:38.749615
bitcoin,2026-02-23 07:03:56.446,65752.54244262996,1314383359700.7559,37112833234.72539,2026-03-03 01:20:38.749616
bitcoin,2026-02-23 08:02:03.814,65939.88775861052,1318323835887.4753,38001506340.91999,2026-03-03 01:20:38.749617
bitcoin,2026-02-23 09:03:21.335,65671.16025084569,1312226349118.9507,39642257475.89912,2026-03-03 01:20:38.749617
bitcoin,2026-02-23 10:02:14.214,66381.48055124872,1327550251837.5037,40889595097.56581,2026-03-03 01:20:38.749618
bitcoin,2026-02-23 11:03:04.905,66317.29222461591,1326714129946.994,42205214197.82933,2026-03-03 01:20:38.749619
bitcoin,2026-02-23 12:02:10.689,66183.35606348574,1323305582287.6963,42600220350.73043,2026-03-03 01:20:38.749620
bitcoin,2026-02-23 13:02:24.548,66275.63595867298,1325083703506.035,43708321530.572754,2026-03-03 01:20:38.749621
bitcoin,2026-02-23 14:02:10.812,66136.6157746477,1323003168261.6162,43017853948.37629,2026-03-03 01:20:38.749622
bitcoin,2026-02-23 15:02:35.665,65914.2830987351,1318675653021.3096,44474369398.54379,2026-03-03 01:20:38.749622
bitcoin,2026-02-23 16:03:22.390,65646.15558685549,1313147039761.5947,45284261554.99733,2026-03-03 01:20:38.749623
bitcoin,2026-02-23 17:03:56.043,65381.72366003015,1306401373409.0474,46223410748.32667,2026-03-03 01:20:38.749624
bitcoin,2026-02-23 18:02:56.115,64750.319959430264,1291029482012.8193,49586317905.761894,2026-03-03 01:20:38.749625
bitcoin,2026-02-23 19:03:21.655,64632.91383942887,1292792991149.259,50992902000.7911,2026-03-03 01:20:38.749626
bitcoin,2026-02-23 20:01:23.445,64312.31488359545,1285679482940.8774,53178007539.10205,2026-03-03 01:20:38.749626
bitcoin,2026-02-23 21:03:24.441,64473.326092497344,1288245445294.6445,54953030026.37282,2026-03-03 01:20:38.749627
bitcoin,2026-02-23 22:03:08.425,64570.139420745654,1290965401651.9065,55416584953.20741,2026-03-03 01:20:38.749628
bitcoin,2026-02-23 23:02:37.277,64719.44720467718,1293777292146.37,56783137049.60788,2026-03-03 01:20:38.749629
bitcoin,2026-02-24 00:02:58.046,64645.635433153606,1291834932904.816,56590235309.37244,2026-03-03 01:20:38.749630
bitcoin,2026-02-24 01:00:15.226,64941.5287413215,1298669303598.0876,56509415294.55552,2026-03-03 01:20:38.749632
bitcoin,2026-02-24 02:03:11.867,64135.616801814576,1282499906318.5054,50423393016.444534,2026-03-03 01:20:38.749633
bitcoin,2026-02-24 03:02:51.785,64066.17992962856,1281749902847.2927,49033982998.60984,2026-03-03 01:20:38.749634
bitcoin,2026-02-24 04:02:33.196,63559.99285358071,1270629895089.6394,48402139396.38128,2026-03-03 01:20:38.749635
bitcoin,2026-02-24 05:03:32.574,63327.54954418396,1265092203849.1108,49711847988.30859,2026-03-03 01:20:38.749637
bitcoin,2026-02-24 06:02:36.035,63069.34251318558,1260983860794.3372,50335902079.086914,2026-03-03 01:20:38.749638
bitcoin,2026-02-24 07:02:07.208,63048.93669447095,1260286807783.3132,49537065510.528465,2026-03-03 01:20:38.749639
bitcoin,2026-02-24 08:02:23.672,63149.620867737,1262096777928.23,49612743756.97079,2026-03-03 01:20:38.749640
bitcoin,2026-02-24 09:03:18.129,63379.60392637089,1267300865721.4446,49458141990.71994,2026-03-03 01:20:38.749641
bitcoin,2026-02-24 10:00:53.541,63219.563714987955,1264005144805.7861,48863661457.36982,2026-03-03 01:20:38.749641
bitcoin,2026-02-24 11:03:15.131,63276.255707804885,1265333041975.2014,48697114649.64372,2026-03-03 01:20:38.749642
bitcoin,2026-02-24 12:03:34.966,63207.59348187299,1263314983347.0112,48631706088.42385,2026-03-03 01:20:38.749643
bitcoin,2026-02-24 13:02:14.798,62972.76745130099,1259933643237.8523,48118298809.36323,2026-03-03 01:20:38.749646
bitcoin,2026-02-24 14:02:46.857,62905.750100773046,1258461939875.3257,49784514976.08623,2026-03-03 01:20:38.749647
bitcoin,2026-02-24 15:02:30.514,63446.927824582344,1269609845602.5603,48979528901.92325,2026-03-03 01:20:38.749647
bitcoin,2026-02-24 16:01:59.734,63963.04834579783,1278612765498.954,46899173478.45022,2026-03-03 01:20:38.749648
bitcoin,2026-02-24 17:03:41.260,64253.8473670592,1283791353952.8894,49195946161.08462,2026-03-03 01:20:38.749649
bitcoin,2026-02-24 18:02:31.983,64215.262528875006,1283967611640.2993,49496112337.677704,2026-03-03 01:20:38.749650
bitcoin,2026-02-24 19:02:10.148,64426.94609155057,1287655876933.8525,48762593216.62141,2026-03-03 01:20:38.749651
bitcoin,2026-02-24 20:02:06.332,64443.4962359175,1288533973188.2214,47421338700.682274,2026-03-03 01:20:38.749651
bitcoin,2026-02-24 21:03:29.711,64455.44615715053,1288530539629.4995,45476605640.17292,2026-03-03 01:20:38.749654
bitcoin,2026-02-24 22:02:54.209,64045.70828857544,1280945575751.425,45933533355.11021,2026-03-03 01:20:38.749655
bitcoin,2026-02-24 23:02:42.249,64113.9657402143,1281808870495.7986,44949577977.15621,2026-03-03 01:20:38.749656
bitcoin,2026-02-25 00:00:13.956,64074.11098528222,1281148417170.2803,44864477921.16241,2026-03-03 01:20:38.749657
bitcoin,2026-02-25 01:01:39.044,64233.58561002521,1285355213214.2947,44952908832.65316,2026-03-03 01:20:38.749657
bitcoin,2026-02-25 02:03:45.182,65942.41944954704,1317703847787.1406,45994833583.10596,2026-03-03 01:20:38.749658
bitcoin,2026-02-25 03:03:46.366,65893.8901244172,1317766163622.79,46605674287.89613,2026-03-03 01:20:38.749659
bitcoin,2026-02-25 04:02:48.874,65390.04483381127,1307733128867.035,45616141756.45592,2026-03-03 01:20:38.749660
bitcoin,2026-02-25 05:01:46.902,65448.36336319303,1308522186387.2124,44224550630.11241,2026-03-03 01:20:38.749661
bitcoin,2026-02-25 06:02:09.130,64880.50598865606,1297817806882.7683,44307872659.55011,2026-03-03 01:20:38.749662
bitcoin,2026-02-25 07:02:11.206,64881.88467477487,1297273316831.1638,43433451520.452194,2026-03-03 01:20:38.749662
bitcoin,2026-02-25 08:01:38.149,65017.3242472759,1299942735502.1663,43315989553.43281,2026-03-03 01:20:38.749663
bitcoin,2026-02-25 09:02:35.156,65506.82624135998,1309819829376.3438,43732146767.066444,2026-03-03 01:20:38.749664
bitcoin,2026-02-25 10:02:35.632,65544.01337155416,1310512172251.9885,43608362842.18067,2026-03-03 01:20:38.749665
bitcoin,2026-02-25 11:02:41.481,65383.60659238269,1307058069756.4556,43530434148.27108,2026-03-03 01:20:38.749666
bitcoin,2026-02-25 12:03:09.893,65410.95710978954,1307561177810.5361,43774005774.66901,2026-03-03 01:20:38.749666
bitcoin,2026-02-25 13:03:10.986,66060.99245398513,1320733152104.184,43141456226.369,2026-03-03 01:20:38.749667
bitcoin,2026-02-25 14:02:07.699,66244.50816119192,1324534368235.5845,43051858638.00103,2026-03-03 01:20:38.749668
bitcoin,2026-02-25 15:03:01.279,66951.8483170153,1335554067873.9258,43949318220.29059,2026-03-03 01:20:38.749669
bitcoin,2026-02-25 16:02:57.383,67415.14686028346,1347936355858.5,45849933070.95288,2026-03-03 01:20:38.749671
bitcoin,2026-02-25 17:03:01.064,68273.92644509776,1362772342516.5217,45979990804.312416,2026-03-03 01:20:38.749672
bitcoin,2026-02-25 18:01:28.020,68650.00332182567,1372323024934.7314,49717436598.151184,2026-03-03 01:20:38.749673
bitcoin,2026-02-25 19:03:46.810,69340.35897252934,1386966829735.9797,51707428044.296005,2026-03-03 01:20:38.749674
bitcoin,2026-02-25 20:02:54.362,69050.96317272843,1380812528698.4104,53159870295.96654,2026-03-03 01:20:38.749675
bitcoin,2026-02-25 21:02:45.840,69161.64065289382,1384455640403.8745,54732368917.17918,2026-03-03 01:20:38.749676
bitcoin,2026-02-25 22:03:45.345,68978.70175168476,1378793532470.1826,52960228064.88911,2026-03-03 01:20:38.749677
bitcoin,2026-02-25 23:03:02.721,68441.72145291104,1365395903186.1162,53953922501.4647,2026-03-03 01:20:38.749678
bitcoin,2026-02-26 00:03:22.991,67954.59317212048,1359103150470.3638,54802923569.39968,2026-03-03 01:20:38.749679
bitcoin,2026-02-26 01:01:16.297,68350.69340538714,1366572435899.1438,56102641944.9719,2026-03-03 01:20:38.749679
bitcoin,2026-02-26 02:02:58.977,68260.21173008643,1365374207210.6855,53192407837.68394,2026-03-03 01:20:38.749680
bitcoin,2026-02-26 03:02:52.735,68268.5928309609,1365043361353.203,52738206059.99862,2026-03-03 01:20:38.749681
bitcoin,2026-02-26 04:02:36.365,68208.52535054173,1363728560920.7686,51840293421.41333,2026-03-03 01:20:38.749682
bitcoin,2026-02-26 05:00:24.028,68588.06560827991,1372262650114.3735,52489772359.13811,2026-03-03 01:20:38.749683
bitcoin,2026-02-26 06:02:27.972,68433.73102263549,1368023123731.9646,52174971935.49865,2026-03-03 01:20:38.749683
bitcoin,2026-02-26 07:02:50.879,68178.6307566451,1363282768691.961,54769544599.82213,2026-03-03 01:20:38.749684
bitcoin,2026-02-26 08:02:25.249,67849.39051310069,1357122289506.4592,55372348232.48862,2026-03-03 01:20:38.749687
bitcoin,2026-02-26 09:03:02.267,67957.27845983938,1359106148113.2385,58535120046.575516,2026-03-03 01:20:38.749688
bitcoin,2026-02-26 10:03:11.397,68571.59879322391,1371061400997.8804,59345453557.23853,2026-03-03 01:20:38.749689
bitcoin,2026-02-26 11:02:01.784,68299.30055745928,1365700571204.286,60068013963.370865,2026-03-03 01:20:38.749690
bitcoin,2026-02-26 12:00:19.411,68033.5795724743,1359992117253.7485,59927379715.68585,2026-03-03 01:20:38.749694
bitcoin,2026-02-26 13:02:36.758,68170.72135753337,1362965513546.5222,59106793690.75761,2026-03-03 01:20:38.749695
bitcoin,2026-02-26 14:00:56.908,67911.73073937466,1358458364925.2793,57617092809.35103,2026-03-03 01:20:38.749696
bitcoin,2026-02-26 15:02:36.508,67688.04676583402,1353004101312.853,55260734857.5504,2026-03-03 01:20:38.749697
bitcoin,2026-02-26 16:02:49.547,67386.85704262121,1346100725646.285,57228241546.572975,2026-03-03 01:20:38.749697
bitcoin,2026-02-26 17:03:17.215,66641.5855103991,1333199659566.592,56002762702.92477,2026-03-03 01:20:38.749698
bitcoin,2026-02-26 18:03:07.311,66832.31646241288,1335266997186.8374,53661810773.22593,2026-03-03 01:20:38.749699
bitcoin,2026-02-26 19:02:29.890,67323.78812321286,1345267540081.1328,52447134366.19831,2026-03-03 01:20:38.749700
bitcoin,2026-02-26 20:03:07.535,67584.87840019423,1352169321613.7668,51883171798.46973,2026-03-03 01:20:38.749701
bitcoin,2026-02-26 21:02:47.888,67383.36102620805,1346903427434.044,51025079451.12691,2026-03-03 01:20:38.749703
bitcoin,2026-02-26 22:02:16.975,67448.46646231266,1349401125691.136,48598892992.185776,2026-03-03 01:20:38.749704
bitcoin,2026-02-26 23:03:03.518,67559.77818097749,1350758050571.613,47077305655.43896,2026-03-03 01:20:38.749705
bitcoin,2026-02-27 00:00:53.072,67461.32949507894,1348829240636.7913,45335111330.49655,2026-03-03 01:20:38.749706
bitcoin,2026-02-27 01:04:10.117,67222.78947317986,1344183625784.7778,44299769917.946335,2026-03-03 01:20:38.749707
bitcoin,2026-02-27 02:03:20.001,67347.6530265583,1346283196562.8481,44699139281.55112,2026-03-03 01:20:38.749707
bitcoin,2026-02-27 03:01:04.048,67330.59246292546,1346293830354.8843,44135913616.04082,2026-03-03 01:20:38.749708
bitcoin,2026-02-27 04:03:17.716,67617.93798877213,1352946151021.41,44350681029.99862,2026-03-03 01:20:38.749709
bitcoin,2026-02-27 05:02:39.543,67736.13847728852,1355085449033.2722,44751513709.98922,2026-03-03 01:20:38.749710
bitcoin,2026-02-27 06:03:34.069,67721.51397522389,1353887624733.9363,44511259982.15302,2026-03-03 01:20:38.749711
bitcoin,2026-02-27 07:03:00.908,67664.12864244104,1352985139839.6895,43536060703.74671,2026-03-03 01:20:38.749713
bitcoin,2026-02-27 08:03:23.778,67693.93539996963,1353793212305.303,44696131453.17144,2026-03-03 01:20:38.749714
bitcoin,2026-02-27 09:03:31.409,67938.63876392743,1359257781653.016,44011373648.87509,2026-03-03 01:20:38.749715
bitcoin,2026-02-27 10:03:48.337,67368.86769274919,1348035386710.3132,44413878286.994545,2026-03-03 01:20:38.749716
bitcoin,2026-02-27 11:00:49.932,66633.33440506212,1332262979071.2756,45533128781.335495,2026-03-03 01:20:38.749717
bitcoin,2026-02-27 12:02:04.991,66137.85956271303,1322398917730.71,46709953273.38846,2026-03-03 01:20:38.749718
bitcoin,2026-02-27 13:03:18.856,65904.75945603063,1315985772727.381,48034988639.95979,2026-03-03 01:20:38.749718
bitcoin,2026-02-27 14:03:37.476,66256.92068837801,1324462913050.6785,48699148079.20504,2026-03-03 01:20:38.749719
bitcoin,2026-02-27 15:03:55.943,66063.82922104784,1317306250731.0413,48021136376.05692,2026-03-03 01:20:38.749720
bitcoin,2026-02-27 16:01:07.904,66113.3331187787,1322888526232.7058,46472683328.31975,2026-03-03 01:20:38.749721
bitcoin,2026-02-27 17:04:35.419,65521.390728947146,1311185909815.4263,44691274263.98268,2026-03-03 01:20:38.749722
bitcoin,2026-02-27 18:02:58.562,65695.35026055097,1312456359285.4844,45165581292.28983,2026-03-03 01:20:38.749722
bitcoin,2026-02-27 19:02:17.533,65299.540025783645,1305434059274.4456,44100852170.698364,2026-03-03 01:20:38.749723
bitcoin,2026-02-27 20:02:55.766,65405.874047720536,1308457725908.6863,43231649148.33121,2026-03-03 01:20:38.749724
bitcoin,2026-02-27 21:03:31.780,65588.53418897989,1311486751015.0938,42738275277.47259,2026-03-03 01:20:38.749725
bitcoin,2026-02-27 22:01:52.876,65517.64534439725,1309150736408.4375,41872963606.93264,2026-03-03 01:20:38.749726
bitcoin,2026-02-27 23:00:43.964,65612.79609265388,1311735886262.6606,43659123869.22615,2026-03-03 01:20:38.749727
bitcoin,2026-02-28 00:03:04.104,65878.83934363318,1317139855942.8918,43001213638.463875,2026-03-03 01:20:38.749727
bitcoin,2026-02-28 01:03:32.868,65941.42538516161,1318892147618.567,42693449745.65478,2026-03-03 01:20:38.749728
bitcoin,2026-02-28 02:02:45.866,65808.00055297046,1315960048642.8225,41653349540.558464,2026-03-03 01:20:38.749731
bitcoin,2026-02-28 03:03:14.211,65966.53423583704,1319303277781.8608,40996334609.03691,2026-03-03 01:20:38.749733
bitcoin,2026-02-28 04:03:19.760,65788.14613409038,1315728166425.8481,39694070330.51504,2026-03-03 01:20:38.749734
bitcoin,2026-02-28 05:03:02.782,65662.79439577536,1313495383552.461,39096454563.78812,2026-03-03 01:20:38.749735
bitcoin,2026-02-28 06:01:03.629,65537.09867487189,1310152140777.494,38861552054.38924,2026-03-03 01:20:38.749736
bitcoin,2026-02-28 07:00:22.635,63176.9334493685,1263563403466.215,42531954157.750916,2026-03-03 01:20:38.749737
bitcoin,2026-02-28 08:02:55.584,63810.10687487467,1277473890784.3618,45060799340.15097,2026-03-03 01:20:38.749738
bitcoin,2026-02-28 09:03:49.539,63476.500126458806,1268969429344.6238,45714895870.30661,2026-03-03 01:20:38.749738
bitcoin,2026-02-28 10:02:42.145,63657.71534599248,1273416089601.3127,44690422062.59986,2026-03-03 01:20:38.749739
bitcoin,2026-02-28 11:03:19.574,64006.60748905268,1279085179029.3586,44202313996.688545,2026-03-03 01:20:38.749740
bitcoin,2026-02-28 12:02:06.101,63861.75707587122,1277134233085.8496,44881461865.97099,2026-03-03 01:20:38.749741
bitcoin,2026-02-28 13:02:31.240,64003.684479422045,1279869776896.3762,42528492697.798676,2026-03-03 01:20:38.749742
bitcoin,2026-02-28 14:03:05.069,65140.35713333176,1295850314943.555,43846149531.726006,2026-03-03 01:20:38.749742
bitcoin,2026-02-28 15:02:44.040,64469.59172637236,1287750639090.1748,43670128475.40442,2026-03-03 01:20:38.749743
bitcoin,2026-02-28 16:02:32.582,64855.35275953073,1296750620789.464,40798178834.74824,2026-03-03 01:20:38.749744
bitcoin,2026-02-28 17:02:37.785,65106.72687684266,1302156298162.9006,41963989697.99948,2026-03-03 01:20:38.749745
bitcoin,2026-02-28 18:03:49.262,65397.729790718826,1306998809989.3413,41524049341.08601,2026-03-03 01:20:38.749746
bitcoin,2026-02-28 19:02:52.916,65917.05026344638,1318288092454.862,41776079478.62251,2026-03-03 01:20:38.749747
bitcoin,2026-02-28 20:02:30.300,66356.50280967761,1327013141943.43,42620940815.88355,2026-03-03 01:20:38.749747
bitcoin,2026-02-28 21:02:38.306,66944.88811985626,1338068372364.2705,43813945129.45387,2026-03-03 01:20:38.749748
bitcoin,2026-02-28 22:01:45.360,66745.27274458484,1332145618701.409,38717674416.20001,2026-03-03 01:20:38.749751
bitcoin,2026-02-28 23:02:14.866,67185.74551060123,1343466463921.636,46108657886.14877,2026-03-03 01:20:38.749752
bitcoin,2026-03-01 00:01:02.109,66995.18581485235,1339637101703.1343,46265946359.8567,2026-03-03 01:20:38.749752
bitcoin,2026-03-01 01:02:44.572,66809.96994970969,1336364052252.4163,46574520236.938324,2026-03-03 01:20:38.749753
bitcoin,2026-03-01 02:01:06.920,67268.51512364895,1344824772838.2825,48796310018.47878,2026-03-03 01:20:38.749754
bitcoin,2026-03-01 03:00:06.114,67767.30557255891,1355440746090.9802,51769198342.467476,2026-03-03 01:20:38.749755
bitcoin,2026-03-01 04:02:53.315,67526.95508425993,1350165648232.0535,52613823909.90498,2026-03-03 01:20:38.749756
bitcoin,2026-03-01 05:03:11.535,67350.74233063264,1346007088762.679,52903381254.283806,2026-03-03 01:20:38.749757
bitcoin,2026-03-01 06:03:36.389,67320.54484543877,1346092737152.933,53162142044.05577,2026-03-03 01:20:38.749758
bitcoin,2026-03-01 07:03:09.751,66933.9095543311,1338709692985.0193,50085058427.82026,2026-03-03 01:20:38.749759
bitcoin,2026-03-01 08:02:39.784,67136.87810167827,1342363306764.2188,47647809987.8377,2026-03-03 01:20:38.749760
bitcoin,2026-03-01 09:02:59.808,66557.00472800883,1330324290282.1003,47225469266.07377,2026-03-03 01:20:38.749760
bitcoin,2026-03-01 10:03:57.243,66428.74891325405,1327970746780.9424,47332922114.86471,2026-03-03 01:20:38.749761
bitcoin,2026-03-01 11:02:39.590,66467.91523335855,1329046893173.2278,45980675972.17282,2026-03-03 01:20:38.749762
bitcoin,2026-03-01 12:03:54.113,66464.75764364624,1329144396275.7534,44506777972.338844,2026-03-03 01:20:38.749763
bitcoin,2026-03-01 13:03:05.193,66321.46414426001,1326436843922.6475,44213013271.433266,2026-03-03 01:20:38.749765
bitcoin,2026-03-01 14:00:22.380,66978.00715223578,1340338131418.8743,43894783009.67525,2026-03-03 01:20:38.749766
bitcoin,2026-03-01 15:03:07.065,66862.50633139131,1336506608572.5745,42831938477.12933,2026-03-03 01:20:38.749767
bitcoin,2026-03-01 16:03:07.684,66912.03130812026,1338870977707.7097,43062104466.63216,2026-03-03 01:20:38.749768
bitcoin,2026-03-01 17:04:10.532,66114.20988441783,1322853161443.5168,44007042991.00965,2026-03-03 01:20:38.749769
bitcoin,2026-03-01 18:02:27.294,66026.83967860283,1320681531470.6042,44486823312.84565,2026-03-03 01:20:38.749771
bitcoin,2026-03-01 19:04:04.817,66317.29508274388,1325752570638.0554,43745802863.18146,2026-03-03 01:20:38.749772
bitcoin,2026-03-01 20:00:29.771,65958.59984228645,1318164350047.232,42839200198.09471,2026-03-03 01:20:38.749775
bitcoin,2026-03-01 21:02:42.601,65315.30937987745,1305968335329.665,42983795779.61785,2026-03-03 01:20:38.749775
bitcoin,2026-03-01 22:03:08.164,65704.60538102922,1313784271477.1504,42541308148.15233,2026-03-03 01:20:38.749776
bitcoin,2026-03-01 23:03:07.390,65226.85539035725,1305176855344.7136,43416566932.480865,2026-03-03 01:20:38.749777
bitcoin,2026-03-02 00:02:56.203,65736.20402056671,1313667755763.1729,44355182226.475876,2026-03-03 01:20:38.749778
bitcoin,2026-03-02 01:02:26.429,66524.74636770034,1330719433740.2686,45012899973.0089,2026-03-03 01:20:38.749779
bitcoin,2026-03-02 02:02:28.670,66537.9695482037,1331861186785.3508,43993453329.731674,2026-03-03 01:20:38.749780
bitcoin,2026-03-02 03:02:13.716,66291.94530434308,1325925634029.8914,42095116293.440796,2026-03-03 01:20:38.749780
bitcoin,2026-03-02 04:00:40.985,66827.45258916239,1336309270886.8855,41951068245.09013,2026-03-03 01:20:38.749781
bitcoin,2026-03-02 05:01:26.540,66794.89827984174,1334758158229.17,42396774834.23831,2026-03-03 01:20:38.749782
bitcoin,2026-03-02 06:01:34.853,66737.66943353935,1335979424246.9443,42906458092.20324,2026-03-03 01:20:38.749783
bitcoin,2026-03-02 07:01:37.239,66204.54871028582,1324043913188.288,41775344159.63756,2026-03-03 01:20:38.749784
bitcoin,2026-03-02 08:01:36.706,65967.07249157794,1318684773945.5352,42388608656.60793,2026-03-03 01:20:38.749784
bitcoin,2026-03-02 09:01:31.166,66248.42954464993,1324454704049.3218,42784357536.11491,2026-03-03 01:20:38.749785
bitcoin,2026-03-02 10:02:44.134,66178.75506689884,1325585959610.5168,43717790443.45692,2026-03-03 01:20:38.749786
bitcoin,2026-03-02 11:02:29.321,66264.51566776684,1323496203378.2742,43995425960.27426,2026-03-03 01:20:38.749787
bitcoin,2026-03-02 12:02:46.025,66338.31805946841,1325857080343.1853,45075781806.59191,2026-03-03 01:20:38.749788
bitcoin,2026-03-02 13:02:29.144,65950.51931767022,1318851334454.1538,45188904422.249405,2026-03-03 01:20:38.749790
bitcoin,2026-03-02 14:03:36.960,65415.50558372273,1307742070623.4636,46020887832.268654,2026-03-03 01:20:38.749791
bitcoin,2026-03-02 15:01:28.544,67038.38245351319,1339482350179.6492,49615721106.73788,2026-03-03 01:20:38.749792
bitcoin,2026-03-02 16:03:10.506,69099.85502941068,1379921919457.486,56519908792.31713,2026-03-03 01:20:38.749793
bitcoin,2026-03-02 17:02:50.866,69481.99623180542,1391890323755.944,59880323541.28283,2026-03-03 01:20:38.749794
bitcoin,2026-03-02 18:02:55.800,69165.18178595224,1382262279545.006,61158409700.892365,2026-03-03 01:20:38.749794
bitcoin,2026-03-02 19:02:48.554,68907.87703621876,1378593781633.5645,61424892194.0178,2026-03-03 01:20:38.749795
bitcoin,2026-03-02 20:03:14.977,68957.55414612222,1378821960499.0261,62476299265.60714,2026-03-03 01:20:38.749796
bitcoin,2026-03-02 21:01:16.347,69250.0451801749,1386534763870.3994,63191550506.19817,2026-03-03 01:20:38.749797
bitcoin,2026-03-02 22:03:18.819,69429.26854903967,1388297488985.8594,62371112347.61886,2026-03-03 01:20:38.749798
bitcoin,2026-03-02 23:02:57.445,69388.34462523523,1386036265792.5547,62054765318.03445,2026-03-03 01:20:38.749798
bitcoin,2026-03-03 00:03:43.766,68810.6953580863,1376256344367.8477,60902030477.86444,2026-03-03 01:20:38.749799
bitcoin,2026-03-03 01:00:38.335,69026.20614885502,1378755165663.508,61028291660.25917,2026-03-03 01:20:38.749800
bitcoin,2026-03-03 01:20:14.000,68922.79016306742,1380900462011.5776,60233031368.29043,2026-03-03 01:20:38.749801
ethereum,2026-02-01 01:02:25.275,2450.6200707061266,295778407037.8901,50073622225.337135,2026-03-03 01:20:38.900842
ethereum,2026-02-01 02:01:36.881,2443.018117511766,294718396078.21075,49868772592.709656,2026-03-03 01:20:38.900845
ethereum,2026-02-01 03:03:54.544,2451.7988304322457,296005432391.96423,50640490949.47232,2026-03-03 01:20:38.900846
ethereum,2026-02-01 04:02:35.051,2442.432343842371,294493301619.0919,50553477130.70346,2026-03-03 01:20:38.900847
ethereum,2026-02-01 05:01:50.176,2446.631910596578,295532050821.35443,51812564138.31416,2026-03-03 01:20:38.900848
ethereum,2026-02-01 06:02:33.209,2429.491338962782,292990297052.24774,51362381999.71317,2026-03-03 01:20:38.900848
ethereum,2026-02-01 07:02:35.087,2415.7470547281346,291574928375.04004,52852691787.24463,2026-03-03 01:20:38.900849
ethereum,2026-02-01 08:02:19.026,2409.2765536334655,290756712081.26135,51461246136.19693,2026-03-03 01:20:38.900850
ethereum,2026-02-01 09:01:37.653,2410.3983595148193,290912830577.40125,51057451842.83732,2026-03-03 01:20:38.900851
ethereum,2026-02-01 10:00:57.930,2429.8461031462007,293108687190.3884,51422689745.93677,2026-03-03 01:20:38.900852
ethereum,2026-02-01 11:00:54.879,2378.0036167878493,286930338601.0064,51834410593.93105,2026-03-03 01:20:38.900853
ethereum,2026-02-01 12:00:57.271,2409.668608111813,290730052760.8441,51992701988.08272,2026-03-03 01:20:38.900854
ethereum,2026-02-01 13:01:24.599,2394.2414547859385,289097166659.556,52482186173.553825,2026-03-03 01:20:38.900855
ethereum,2026-02-01 14:01:11.112,2378.792552618646,286514339583.5987,49775124903.381996,2026-03-03 01:20:38.900856
ethereum,2026-02-01 15:02:23.602,2369.0920741653736,286050319489.6995,49596481839.26087,2026-03-03 01:20:38.900856
ethereum,2026-02-01 16:01:25.980,2314.5041663240545,279927779260.53174,50711683978.324265,2026-03-03 01:20:38.900857
ethereum,2026-02-01 17:01:57.106,2303.4623007771006,278111625385.4938,49746392430.24362,2026-03-03 01:20:38.900858
ethereum,2026-02-01 18:00:22.826,2306.892032935197,278157009112.2771,40488136090.67507,2026-03-03 01:20:38.900859
ethereum,2026-02-01 19:01:36.261,2347.511527676497,282636373591.0662,40368849233.554955,2026-03-03 01:20:38.900860
ethereum,2026-02-01 20:01:30.756,2316.617526472652,279323137069.0535,38720028193.800446,2026-03-03 01:20:38.900861
ethereum,2026-02-01 21:01:24.849,2314.0613349678333,279396565028.4177,37832081283.309525,2026-03-03 01:20:38.900861
ethereum,2026-02-01 22:01:56.997,2288.185576565293,275732259446.3745,37699432737.24777,2026-03-03 01:20:38.900862
ethereum,2026-02-01 23:02:40.927,2313.8455979452497,279851644535.1586,38376202574.69871,2026-03-03 01:20:38.900863
ethereum,2026-02-02 00:00:17.518,2269.3288518651166,273917533154.59314,41592993667.771126,2026-03-03 01:20:38.900864
ethereum,2026-02-02 01:02:31.416,2289.0029044108774,276520164819.6222,41717966712.36804,2026-03-03 01:20:38.900865
ethereum,2026-02-02 02:00:51.335,2292.8036166779275,276732844098.30707,42615715964.77103,2026-03-03 01:20:38.900865
ethereum,2026-02-02 03:02:16.445,2260.334983519477,273000521438.4139,41206206297.12933,2026-03-03 01:20:38.900866
ethereum,2026-02-02 04:02:26.141,2233.9028236312142,270146012474.53757,47615151067.67339,2026-03-03 01:20:38.900867
ethereum,2026-02-02 05:02:16.747,2238.393308995625,270171963165.77866,48665635073.416916,2026-03-03 01:20:38.900868
ethereum,2026-02-02 06:03:23.185,2196.4194555007957,265053584749.51318,50606961171.99129,2026-03-03 01:20:38.900869
ethereum,2026-02-02 07:02:36.687,2222.1600831437577,267700938154.13412,52531035947.42262,2026-03-03 01:20:38.900869
ethereum,2026-02-02 08:03:46.940,2229.150523155317,268973138430.7494,54254015329.196,2026-03-03 01:20:38.900870
ethereum,2026-02-02 09:03:02.487,2248.462357639541,271593570053.9438,55124691042.04587,2026-03-03 01:20:38.900871
ethereum,2026-02-02 10:01:52.699,2287.9270834333634,276360522787.56726,53167148732.09684,2026-03-03 01:20:38.900872
ethereum,2026-02-02 11:02:57.886,2275.7124827257326,274663082144.37735,56062898120.98072,2026-03-03 01:20:38.900873
ethereum,2026-02-02 12:03:03.484,2281.4213039251313,275313695600.6415,57791972560.076515,2026-03-03 01:20:38.900873
ethereum,2026-02-02 13:02:54.254,2309.7093765845457,278198307180.56854,57487735309.30025,2026-03-03 01:20:38.900874
ethereum,2026-02-02 14:01:32.598,2328.2590963432745,280177608055.927,58282959171.441345,2026-03-03 01:20:38.900875
ethereum,2026-02-02 15:02:42.452,2326.302873311302,282678917699.3852,59456325225.42632,2026-03-03 01:20:38.900876
ethereum,2026-02-02 16:02:30.551,2369.777879742903,286063764222.93866,60891434605.73776,2026-03-03 01:20:38.900877
ethereum,2026-02-02 17:04:04.546,2360.041824675292,284541107313.8529,59985892665.034256,2026-03-03 01:20:38.900877
ethereum,2026-02-02 18:02:56.293,2354.485486942328,284142759186.0703,58395702562.97844,2026-03-03 01:20:38.900878
ethereum,2026-02-02 19:03:22.046,2343.0371273991664,282995965197.9847,57016049961.70547,2026-03-03 01:20:38.900879
ethereum,2026-02-02 20:02:26.596,2328.4967031782408,281546133668.2681,56632976011.33382,2026-03-03 01:20:38.900880
ethereum,2026-02-02 21:02:47.892,2319.8282887026267,279890359552.95557,53020977762.26736,2026-03-03 01:20:38.900881
ethereum,2026-02-02 22:03:27.608,2342.60952897183,282345945309.70917,55360051586.26407,2026-03-03 01:20:38.900881
ethereum,2026-02-02 23:03:24.869,2348.3356087961793,283381898565.31964,54808884261.17662,2026-03-03 01:20:38.900882
ethereum,2026-02-03 00:03:38.461,2343.6681689255097,282919620245.0613,49848991812.00759,2026-03-03 01:20:38.900883
ethereum,2026-02-03 01:02:32.671,2351.4283442323185,283532039198.65875,48735669526.65064,2026-03-03 01:20:38.900884
ethereum,2026-02-03 02:02:30.516,2352.0780347286714,283749742498.7651,48405502134.90071,2026-03-03 01:20:38.900885
ethereum,2026-02-03 03:02:32.594,2296.718417664161,278214746361.88354,43207926014.456474,2026-03-03 01:20:38.900886
ethereum,2026-02-03 04:02:09.004,2340.9819137335394,282067605542.8121,42404730074.984276,2026-03-03 01:20:38.900886
ethereum,2026-02-03 05:03:15.746,2342.5644808878756,283092174827.86676,43086111684.80357,2026-03-03 01:20:38.900887
ethereum,2026-02-03 06:04:28.954,2315.769253127116,279402985277.75586,41916136194.827545,2026-03-03 01:20:38.900888
ethereum,2026-02-03 07:00:37.768,2318.8862037170643,279994558921.53687,39289734489.27848,2026-03-03 01:20:38.900889
ethereum,2026-02-03 08:01:30.730,2320.7376057265633,280024598821.3899,37141784142.302345,2026-03-03 01:20:38.900890
ethereum,2026-02-03 09:03:32.852,2314.583953935681,279250562102.1993,36215567892.65364,2026-03-03 01:20:38.900891
ethereum,2026-02-03 10:01:26.350,2291.73042732022,276642910591.3376,37030707299.08536,2026-03-03 01:20:38.900891
ethereum,2026-02-03 11:00:16.436,2280.237852422448,275184037860.0277,34895814715.47485,2026-03-03 01:20:38.900892
ethereum,2026-02-03 12:00:46.140,2277.749000187356,275133769645.9943,35843488368.52755,2026-03-03 01:20:38.900893
ethereum,2026-02-03 13:02:51.919,2298.152073619647,277593417355.08795,32739947225.58379,2026-03-03 01:20:38.900894
ethereum,2026-02-03 14:00:22.424,2306.5000946629975,278054734211.5406,35144813112.59062,2026-03-03 01:20:38.900895
ethereum,2026-02-03 15:02:09.444,2256.724805531225,272377528168.89886,31426460374.057648,2026-03-03 01:20:38.900895
ethereum,2026-02-03 16:01:34.154,2301.2194243999274,277923596584.9972,31425805949.098408,2026-03-03 01:20:38.900896
ethereum,2026-02-03 17:01:39.299,2240.7434654579524,270761455279.6169,32671772796.536625,2026-03-03 01:20:38.900897
ethereum,2026-02-03 18:01:46.913,2196.9050950164656,265221123310.13132,33707590859.227833,2026-03-03 01:20:38.900898
ethereum,2026-02-03 19:02:28.672,2120.7366246700785,255819075634.7122,38270862524.56931,2026-03-03 01:20:38.900899
ethereum,2026-02-03 20:02:16.712,2204.485478526069,266272671882.3575,40708472996.85307,2026-03-03 01:20:38.900900
ethereum,2026-02-03 21:02:27.855,2296.7745808452282,277207244170.4047,44726003630.50153,2026-03-03 01:20:38.900901
ethereum,2026-02-03 22:01:19.882,2281.6276537835047,275518276066.31525,46091474884.54382,2026-03-03 01:20:38.900902
ethereum,2026-02-03 23:03:34.951,2235.8245931657307,269937706747.20334,47757259412.467476,2026-03-03 01:20:38.900902
ethereum,2026-02-04 00:01:24.193,2229.7003085530546,268942029208.88763,48573671038.45881,2026-03-03 01:20:38.900903
ethereum,2026-02-04 01:02:13.375,2243.691582238994,270254333331.99875,50258560991.74644,2026-03-03 01:20:38.900904
ethereum,2026-02-04 02:01:41.091,2265.1070805766853,273257687934.50885,48478413552.068596,2026-03-03 01:20:38.900905
ethereum,2026-02-04 03:01:24.216,2248.9828574595936,271395681817.2094,48984343257.127335,2026-03-03 01:20:38.900906
ethereum,2026-02-04 04:01:08.083,2280.278374668446,275281377820.772,49716984923.74785,2026-03-03 01:20:38.900906
ethereum,2026-02-04 05:01:07.173,2270.8533537589387,274077415226.9015,48803042946.845535,2026-03-03 01:20:38.900907
ethereum,2026-02-04 06:01:05.518,2262.001369240498,272832766575.9831,47663720725.54286,2026-03-03 01:20:38.900923
ethereum,2026-02-04 07:01:57.088,2274.3357878348183,274438940033.33038,47258939553.66323,2026-03-03 01:20:38.900924
ethereum,2026-02-04 08:00:07.824,2279.047484092526,275206664720.4359,48507524850.96486,2026-03-03 01:20:38.900924
ethereum,2026-02-04 09:01:27.263,2275.562832442507,274647261382.4401,47767805057.958244,2026-03-03 01:20:38.900925
ethereum,2026-02-04 10:00:53.670,2257.8294588469616,272560016415.09338,45877489574.445724,2026-03-03 01:20:38.900926
ethereum,2026-02-04 11:01:23.392,2257.232974797487,272493527605.35266,46594350677.55153,2026-03-03 01:20:38.900927
ethereum,2026-02-04 12:01:57.714,2252.7077516186905,271666330139.90237,47015302241.902,2026-03-03 01:20:38.900928
ethereum,2026-02-04 13:02:17.239,2239.6473277158216,269975360111.4249,48264370206.75885,2026-03-03 01:20:38.900928
ethereum,2026-02-04 14:01:22.811,2195.367735073545,264966669075.17706,46554271862.584694,2026-03-03 01:20:38.900929
ethereum,2026-02-04 15:01:50.537,2166.0244812464675,261710757095.61072,49225840460.484764,2026-03-03 01:20:38.900930
ethereum,2026-02-04 16:01:44.682,2150.3896895468997,259447461334.3603,49537683722.60894,2026-03-03 01:20:38.900931
ethereum,2026-02-04 17:01:53.880,2126.4757033210526,254913467568.94653,51383810578.858696,2026-03-03 01:20:38.900932
ethereum,2026-02-04 18:01:35.213,2120.8914175858545,256206246923.4583,50160562088.41305,2026-03-03 01:20:38.900933
ethereum,2026-02-04 19:01:32.416,2147.5466301870356,259349926152.62152,50589655021.344345,2026-03-03 01:20:38.900933
ethereum,2026-02-04 20:02:19.948,2176.2415814047945,263450299639.55267,49713298519.39924,2026-03-03 01:20:38.900934
ethereum,2026-02-04 21:01:39.174,2167.919819459795,261338372470.4452,45593154612.57927,2026-03-03 01:20:38.900935
ethereum,2026-02-04 22:01:47.256,2109.622242072324,254418837163.8737,45929182517.530014,2026-03-03 01:20:38.900936
ethereum,2026-02-04 23:01:41.732,2116.1034550535137,255394394238.87704,45223380036.00295,2026-03-03 01:20:38.900937
ethereum,2026-02-05 00:01:35.087,2143.3400085080666,259015700501.7878,44227695385.93641,2026-03-03 01:20:38.900938
ethereum,2026-02-05 01:01:10.176,2145.3663717989803,258954899708.33752,44954067040.81679,2026-03-03 01:20:38.900939
ethereum,2026-02-05 02:01:39.666,2144.064788963553,258951660399.5906,46399531596.72093,2026-03-03 01:20:38.900939
ethereum,2026-02-05 03:02:52.283,2121.223523350836,257050907942.72842,46906081384.37165,2026-03-03 01:20:38.900940
ethereum,2026-02-05 04:03:30.544,2107.3340450878027,254023374126.4176,47384697990.79152,2026-03-03 01:20:38.900941
ethereum,2026-02-05 05:03:34.503,2101.038991891468,253296181926.73785,49192358042.5446,2026-03-03 01:20:38.900942
ethereum,2026-02-05 06:02:47.490,2097.2240236259195,252842936622.60968,50408714131.38537,2026-03-03 01:20:38.900943
ethereum,2026-02-05 07:00:59.461,2083.025752270116,251387547482.65118,47731116138.5815,2026-03-03 01:20:38.900943
ethereum,2026-02-05 08:01:54.169,2085.715276515889,252695451520.60052,45689031633.52566,2026-03-03 01:20:38.900944
ethereum,2026-02-05 09:02:20.933,2110.9228781793963,254789123254.21317,51342465598.79677,2026-03-03 01:20:38.900945
ethereum,2026-02-05 10:02:00.791,2129.8189345293686,257065183173.17603,54022937308.80086,2026-03-03 01:20:38.900946
ethereum,2026-02-05 11:02:12.006,2092.8472511013797,252493842661.94073,53681360859.12941,2026-03-03 01:20:38.900947
ethereum,2026-02-05 12:03:33.922,2076.3327558507476,250398489848.57712,54533462236.14247,2026-03-03 01:20:38.900948
ethereum,2026-02-05 13:03:04.414,2059.6856745231566,248321771617.43536,51743397794.088135,2026-03-03 01:20:38.900948
ethereum,2026-02-05 14:00:54.867,2054.0482661704696,248394524604.70724,55924485667.122246,2026-03-03 01:20:38.901144
ethereum,2026-02-05 15:02:53.110,2045.5278964322904,248935658714.59296,50037267691.5531,2026-03-03 01:20:38.901145
ethereum,2026-02-05 16:02:52.391,1957.7994292609749,236507045749.95932,55250699734.534584,2026-03-03 01:20:38.901146
ethereum,2026-02-05 17:01:26.440,1994.463045387256,241957626373.54614,57482242540.47752,2026-03-03 01:20:38.901147
ethereum,2026-02-05 18:03:07.738,1952.3313009138308,235779297920.68314,55085315302.51591,2026-03-03 01:20:38.901148
ethereum,2026-02-05 19:02:38.238,1945.5396394903103,233250422200.3832,54382614263.77481,2026-03-03 01:20:38.901148
ethereum,2026-02-05 20:03:06.534,1924.465923219813,232123872342.28644,53623225308.19818,2026-03-03 01:20:38.901150
ethereum,2026-02-05 21:03:52.434,1875.0043689596391,225110629373.40875,58494822070.70815,2026-03-03 01:20:38.901150
ethereum,2026-02-05 22:03:13.557,1848.5958633332302,223113518832.46667,60735569614.01331,2026-03-03 01:20:38.901151
ethereum,2026-02-05 23:00:12.186,1875.3426340658875,225377104079.48572,54775440077.753395,2026-03-03 01:20:38.901152
ethereum,2026-02-06 00:03:05.875,1824.773906498064,220229527631.41275,63099258611.16311,2026-03-03 01:20:38.901153
ethereum,2026-02-06 01:02:24.213,1870.3855528620331,225929009265.6415,70020470605.11545,2026-03-03 01:20:38.901154
ethereum,2026-02-06 02:02:32.238,1928.1573985386444,232570073946.59836,72788644323.8355,2026-03-03 01:20:38.901154
ethereum,2026-02-06 03:00:41.970,1902.5596913626794,229704188579.78326,71060324507.24115,2026-03-03 01:20:38.901155
ethereum,2026-02-06 04:03:14.443,1888.9796356103732,227947673293.02664,64014954546.21891,2026-03-03 01:20:38.901156
ethereum,2026-02-06 05:02:53.428,1906.7008783237143,230090591052.9314,69963407227.44086,2026-03-03 01:20:38.901157
ethereum,2026-02-06 06:03:13.701,1957.2174767552206,236225879333.5518,71221955396.06339,2026-03-03 01:20:38.901158
ethereum,2026-02-06 07:03:23.356,1903.2165665528805,230966874290.32758,71873473013.64635,2026-03-03 01:20:38.901158
ethereum,2026-02-06 08:03:27.805,1896.8862099046357,228890859482.3182,71621652609.22314,2026-03-03 01:20:38.901159
ethereum,2026-02-06 09:02:27.372,1872.3172784541543,225823179163.23303,67424077045.800934,2026-03-03 01:20:38.901160
ethereum,2026-02-06 10:01:00.604,1917.3944159070152,231530085501.83292,71236130489.57968,2026-03-03 01:20:38.901161
ethereum,2026-02-06 11:03:11.308,1923.4913201354343,232212898022.7134,73586440520.02036,2026-03-03 01:20:38.901162
ethereum,2026-02-06 12:03:34.410,1927.8184949694894,232725929120.71378,75426117715.1505,2026-03-03 01:20:38.901163
ethereum,2026-02-06 13:03:32.640,1919.7667255898707,231764050182.69843,74529434329.35329,2026-03-03 01:20:38.901164
ethereum,2026-02-06 14:02:59.521,1947.8801921113677,235676530947.75507,75660954203.45706,2026-03-03 01:20:38.901165
ethereum,2026-02-06 15:03:07.808,1975.7720284249888,238017347085.0294,75739191979.72566,2026-03-03 01:20:38.901165
ethereum,2026-02-06 16:03:36.944,1978.4435340999412,238934754384.72726,72825033138.79196,2026-03-03 01:20:38.901166
ethereum,2026-02-06 17:03:11.343,2034.3199052782174,245945840076.92218,73952979258.42458,2026-03-03 01:20:38.901167
ethereum,2026-02-06 18:02:30.702,2067.001807868991,249334126710.2516,75573073001.8018,2026-03-03 01:20:38.901168
ethereum,2026-02-06 19:02:12.661,2043.3559954109116,246618020738.22217,72351420507.95729,2026-03-03 01:20:38.901169
ethereum,2026-02-06 20:02:39.544,2063.518497390789,248977147718.42862,73097911033.06114,2026-03-03 01:20:38.901169
ethereum,2026-02-06 21:03:11.162,2053.821557103224,248011219958.90375,68710334662.76466,2026-03-03 01:20:38.901170
ethereum,2026-02-06 22:03:33.057,2051.8731337468807,247750520941.35876,66295716388.01743,2026-03-03 01:20:38.901171
ethereum,2026-02-06 23:02:21.606,2072.3060362974265,250112664953.6645,65975302833.62144,2026-03-03 01:20:38.901172
ethereum,2026-02-07 00:03:03.924,2061.7485952387806,248968150162.66037,58825671577.00777,2026-03-03 01:20:38.901173
ethereum,2026-02-07 01:03:02.151,2041.9743478882322,246432566378.8646,56620959967.34494,2026-03-03 01:20:38.901173
ethereum,2026-02-07 02:02:25.118,2063.329143550518,248790003972.83542,55975048922.16876,2026-03-03 01:20:38.901174
ethereum,2026-02-07 03:03:04.045,2058.077727083915,248008825864.56863,54886508408.46938,2026-03-03 01:20:38.901175
ethereum,2026-02-07 04:00:56.250,2079.4444247045794,250959184137.08514,54574173855.07081,2026-03-03 01:20:38.901176
ethereum,2026-02-07 05:03:37.248,2086.1153993965468,251781314294.67023,55147910051.84699,2026-03-03 01:20:38.901177
ethereum,2026-02-07 06:04:04.000,2081.777392331936,250946226537.4598,53847279094.34278,2026-03-03 01:20:38.901178
ethereum,2026-02-07 07:03:12.506,2050.0270608427563,247923865298.84695,51458119384.12043,2026-03-03 01:20:38.901179
ethereum,2026-02-07 08:03:42.762,2025.5521933330022,244639222804.5057,51761984135.31453,2026-03-03 01:20:38.901179
ethereum,2026-02-07 09:02:30.721,2021.4902542664784,244085272369.20685,45309166963.65534,2026-03-03 01:20:38.901180
ethereum,2026-02-07 10:00:23.720,2011.3545274401415,242729448363.1022,48714918097.74546,2026-03-03 01:20:38.901181
ethereum,2026-02-07 11:01:11.979,2009.9239330673195,242414490985.11578,46578621963.71718,2026-03-03 01:20:38.901182
ethereum,2026-02-07 12:03:10.104,2016.5840704057493,243019000611.04034,46808993209.55792,2026-03-03 01:20:38.901183
ethereum,2026-02-07 13:02:35.273,2040.7458271467165,246252056081.6982,46648814867.81909,2026-03-03 01:20:38.901184
ethereum,2026-02-07 14:02:59.621,2037.2880611523033,245700944782.85556,45934087523.44133,2026-03-03 01:20:38.901184
ethereum,2026-02-07 15:03:18.580,2017.4741652432456,243400334409.8469,41816518514.177246,2026-03-03 01:20:38.901185
ethereum,2026-02-07 16:03:57.235,2050.791690758024,247603891555.2445,39994612109.22395,2026-03-03 01:20:38.901186
ethereum,2026-02-07 17:03:39.774,2049.7537433137522,247315840153.9317,49170186529.54179,2026-03-03 01:20:38.901187
ethereum,2026-02-07 18:04:11.824,2060.412924447605,248668499059.7762,46891773939.36425,2026-03-03 01:20:38.901188
ethereum,2026-02-07 19:03:26.084,2095.087702966738,252877777536.1981,44796569527.76348,2026-03-03 01:20:38.901188
ethereum,2026-02-07 20:03:29.307,2089.2859571253816,252122868040.76617,44763987389.21734,2026-03-03 01:20:38.901189
ethereum,2026-02-07 21:03:09.917,2104.0021549895737,253629104386.7431,43596428674.32468,2026-03-03 01:20:38.901190
ethereum,2026-02-07 22:02:13.895,2099.1670855088196,253408771557.59247,44195545216.01789,2026-03-03 01:20:38.901191
ethereum,2026-02-07 23:03:18.851,2089.498384092561,252375653331.88403,41589315131.24043,2026-03-03 01:20:38.901192
ethereum,2026-02-08 00:03:51.822,2089.385318724293,252270212453.90985,38006193393.9421,2026-03-03 01:20:38.901193
ethereum,2026-02-08 01:04:22.230,2080.926446981957,250999466125.1719,39430744449.67773,2026-03-03 01:20:38.901193
ethereum,2026-02-08 02:03:51.129,2094.5178558281395,252665559034.29575,39605178471.050674,2026-03-03 01:20:38.901194
ethereum,2026-02-08 03:04:02.579,2086.2259034143717,251588368689.22464,38717338573.29878,2026-03-03 01:20:38.901195
ethereum,2026-02-08 04:03:22.826,2077.8698166676986,250980485937.40515,38238386449.779755,2026-03-03 01:20:38.901196
ethereum,2026-02-08 05:03:21.369,2082.236272565421,251258942760.83707,36978063109.03618,2026-03-03 01:20:38.901197
ethereum,2026-02-08 06:00:55.529,2083.163843634432,251430616457.08673,35565945643.70925,2026-03-03 01:20:38.901198
ethereum,2026-02-08 07:03:57.887,2078.1206157912675,250823643691.6782,35355899142.50755,2026-03-03 01:20:38.901199
ethereum,2026-02-08 08:04:32.483,2082.3657317158454,251321607957.7732,33695753708.40467,2026-03-03 01:20:38.901199
ethereum,2026-02-08 09:04:15.165,2114.2704121300208,255231015589.1736,34199804804.71449,2026-03-03 01:20:38.901200
ethereum,2026-02-08 10:03:31.742,2100.5285229075203,253518305208.59366,33604524323.100716,2026-03-03 01:20:38.901201
ethereum,2026-02-08 11:04:07.607,2094.0178368836205,252797313966.60394,33693387175.433388,2026-03-03 01:20:38.901202
ethereum,2026-02-08 12:04:27.441,2130.581085830431,257009314912.59412,34074785226.14369,2026-03-03 01:20:38.901203
ethereum,2026-02-08 13:04:49.449,2129.182079961831,256539842080.6163,32843539899.412083,2026-03-03 01:20:38.901204
ethereum,2026-02-08 14:03:03.458,2123.8304959697625,256275867646.71332,32483486235.9922,2026-03-03 01:20:38.901204
ethereum,2026-02-08 15:02:55.362,2123.4094827391273,256226568249.56122,31325072108.529457,2026-03-03 01:20:38.901205
ethereum,2026-02-08 16:04:12.175,2106.596583905998,254332096104.91132,30299566144.725086,2026-03-03 01:20:38.901206
ethereum,2026-02-08 17:03:55.286,2078.687501589718,250803474720.59332,20569946229.744083,2026-03-03 01:20:38.901207
ethereum,2026-02-08 18:04:03.753,2090.719448080888,252334422200.7734,20047489385.103233,2026-03-03 01:20:38.901208
ethereum,2026-02-08 19:04:03.711,2108.659670608786,254688337681.10373,18699087154.093773,2026-03-03 01:20:38.901209
ethereum,2026-02-08 20:04:15.581,2125.2840997547255,256482295252.84106,16783197638.599934,2026-03-03 01:20:38.901209
ethereum,2026-02-08 21:03:57.710,2103.2195533980544,253843092747.43677,17862322257.858593,2026-03-03 01:20:38.901210
ethereum,2026-02-08 22:03:28.782,2095.044580358402,252566068440.95917,17381357349.471996,2026-03-03 01:20:38.901211
ethereum,2026-02-08 23:03:08.751,2107.4315952961088,253855945350.74304,17581750797.063435,2026-03-03 01:20:38.901212
ethereum,2026-02-09 00:03:58.173,2088.2260207520994,252336913840.78915,19353001176.6074,2026-03-03 01:20:38.901213
ethereum,2026-02-09 01:03:52.917,2083.3083206707415,251314918054.82578,20053276103.425087,2026-03-03 01:20:38.901213
ethereum,2026-02-09 02:01:06.318,2069.409784936037,249754065800.2231,20035372471.97003,2026-03-03 01:20:38.901214
ethereum,2026-02-09 03:00:02.808,2083.1621668597254,251474550769.4334,18985417154.001534,2026-03-03 01:20:38.901215
ethereum,2026-02-09 04:04:12.664,2097.2046892981234,253004456276.46292,21237246399.05856,2026-03-03 01:20:38.901216
ethereum,2026-02-09 05:04:01.380,2089.3595778497256,252170269956.67725,21041333309.127373,2026-03-03 01:20:38.901217
ethereum,2026-02-09 06:04:31.501,2092.2775204461163,252633171373.85492,20282333212.991894,2026-03-03 01:20:38.901217
ethereum,2026-02-09 07:02:17.849,2079.930187729901,251125518780.55978,21363272358.4199,2026-03-03 01:20:38.901218
ethereum,2026-02-09 08:04:45.787,2065.0377514641764,249225970090.27927,20336698927.80579,2026-03-03 01:20:38.901219
ethereum,2026-02-09 09:04:49.886,2049.3104197104603,247844772154.60397,21269026439.533592,2026-03-03 01:20:38.901220
ethereum,2026-02-09 10:04:25.065,2038.8770478645872,245648482012.1803,21313509628.5338,2026-03-03 01:20:38.901221
ethereum,2026-02-09 11:03:23.819,2021.4484671236942,244043903306.3444,20898027243.74028,2026-03-03 01:20:38.901222
ethereum,2026-02-09 12:03:43.341,2025.6628782700436,244281155546.07278,20176903925.092518,2026-03-03 01:20:38.901223
ethereum,2026-02-09 13:02:58.175,2033.9455541387788,245379860750.7037,20202447419.473038,2026-03-03 01:20:38.901224
ethereum,2026-02-09 14:04:25.039,2022.6866906736263,244600540860.04544,21163286925.89761,2026-03-03 01:20:38.901224
ethereum,2026-02-09 15:03:58.131,2043.9441636572346,246561516073.10675,21499235923.460114,2026-03-03 01:20:38.901225
ethereum,2026-02-09 16:04:25.289,2060.446803836367,248875614698.18033,23052546013.568142,2026-03-03 01:20:38.901226
ethereum,2026-02-09 17:04:06.589,2090.172903513328,252677265672.2884,23183862617.041676,2026-03-03 01:20:38.901227
ethereum,2026-02-09 18:01:43.130,2126.4932341649483,256977381279.00223,24600219578.844303,2026-03-03 01:20:38.901228
ethereum,2026-02-09 19:03:32.268,2126.6870888952044,256347558142.90134,26020556400.0042,2026-03-03 01:20:38.901228
ethereum,2026-02-09 20:03:43.928,2128.6293510380037,257273161084.37558,26577988067.628567,2026-03-03 01:20:38.901229
ethereum,2026-02-09 21:04:18.622,2125.2131365629702,256445876424.38608,26292539744.71868,2026-03-03 01:20:38.901230
ethereum,2026-02-09 22:03:20.612,2122.0209971090085,255952582769.96265,26603429801.84847,2026-03-03 01:20:38.901231
ethereum,2026-02-09 23:03:44.194,2113.464137085613,254829333795.87527,27902777111.817688,2026-03-03 01:20:38.901232
ethereum,2026-02-10 00:01:16.399,2103.639709069505,253688384127.92407,25789791435.671608,2026-03-03 01:20:38.901233
ethereum,2026-02-10 01:03:53.039,2098.5993783385784,253358058698.34454,26223924944.45173,2026-03-03 01:20:38.901233
ethereum,2026-02-10 02:03:24.830,2115.1086362521714,255436225097.10052,24835210030.103127,2026-03-03 01:20:38.901234
ethereum,2026-02-10 03:03:21.161,2106.5694559317353,254079680262.459,24382401435.24673,2026-03-03 01:20:38.901235
ethereum,2026-02-10 04:04:25.914,2063.4894459807597,248933352977.5555,24615444712.969006,2026-03-03 01:20:38.901236
ethereum,2026-02-10 05:03:00.240,2069.2961641472616,249778010489.24435,25252885224.055428,2026-03-03 01:20:38.901237
ethereum,2026-02-10 06:02:57.343,2051.803899585302,247457720511.0487,25771682390.315475,2026-03-03 01:20:38.901237
ethereum,2026-02-10 07:03:20.008,2006.6907924323239,242135528863.65897,27782315108.59044,2026-03-03 01:20:38.901238
ethereum,2026-02-10 08:02:30.733,2007.0182472175297,242193530861.3531,27576183982.209717,2026-03-03 01:20:38.901239
ethereum,2026-02-10 09:03:02.271,2012.7128556214502,242937125108.986,29204397945.30034,2026-03-03 01:20:38.901240
ethereum,2026-02-10 10:03:22.127,2014.9719526373485,243137891032.21783,28485689122.602535,2026-03-03 01:20:38.901241
ethereum,2026-02-10 11:02:25.135,2012.2563726556084,242963072890.70706,28184893042.098236,2026-03-03 01:20:38.901242
ethereum,2026-02-10 12:03:40.553,2004.016492183442,241563219461.7948,28802674114.449738,2026-03-03 01:20:38.901243
ethereum,2026-02-10 13:03:01.722,2006.374498979289,242344426384.53348,27036360529.267757,2026-03-03 01:20:38.901243
ethereum,2026-02-10 14:03:08.884,2020.7205696390326,243803437388.3693,28076562131.302223,2026-03-03 01:20:38.901244
ethereum,2026-02-10 15:02:43.235,2010.2549110051455,242589333102.2829,28181631090.09098,2026-03-03 01:20:38.901245
ethereum,2026-02-10 16:03:06.499,2021.530655129178,243704993978.2812,27684428808.057583,2026-03-03 01:20:38.901246
ethereum,2026-02-10 17:03:06.081,2026.3892453495025,244566818932.34714,26138495455.02763,2026-03-03 01:20:38.901247
ethereum,2026-02-10 18:02:35.270,2038.6072535643639,245785502875.97,26135566110.577442,2026-03-03 01:20:38.901248
ethereum,2026-02-10 19:02:31.236,2009.1986228678998,242858950382.48987,25445702828.5038,2026-03-03 01:20:38.901249
ethereum,2026-02-10 20:03:18.837,2016.8316191928914,243381503622.92612,25135746326.303665,2026-03-03 01:20:38.901249
ethereum,2026-02-10 21:00:22.716,2012.152384243653,242532622950.99356,25405669876.685543,2026-03-03 01:20:38.901250
ethereum,2026-02-10 22:03:31.062,2008.8137118245115,242139380340.0491,23640054531.12141,2026-03-03 01:20:38.901251
ethereum,2026-02-10 23:03:11.503,2014.6677218999112,243317766467.7103,23012363301.144493,2026-03-03 01:20:38.901252
ethereum,2026-02-11 00:02:43.147,2019.65224654525,243755005365.33044,22679425787.099773,2026-03-03 01:20:38.901253
ethereum,2026-02-11 01:02:58.783,2024.661122659727,244439727446.5921,23185068763.07261,2026-03-03 01:20:38.901254
ethereum,2026-02-11 02:03:08.278,2023.1799468568433,244135669604.2954,22861670961.96027,2026-03-03 01:20:38.901254
ethereum,2026-02-11 03:00:23.003,2016.9440859963183,243407630530.3455,22892969416.743256,2026-03-03 01:20:38.901255
ethereum,2026-02-11 04:02:22.359,2008.392511899289,242828403200.55157,23057720651.121765,2026-03-03 01:20:38.901256
ethereum,2026-02-11 05:03:51.160,1970.7092703100577,237755534494.40237,22785294684.371933,2026-03-03 01:20:38.901257
ethereum,2026-02-11 06:03:13.603,1973.751650439002,238351684162.96252,22060167563.54043,2026-03-03 01:20:38.901258
ethereum,2026-02-11 07:03:16.360,1947.975371308013,235079943477.32043,20346181571.85475,2026-03-03 01:20:38.901259
ethereum,2026-02-11 08:03:14.838,1950.231871376689,235858865871.08737,20707925452.499317,2026-03-03 01:20:38.901259
ethereum,2026-02-11 09:02:21.987,1949.362828819964,235255519286.95877,18384375862.847134,2026-03-03 01:20:38.901260
ethereum,2026-02-11 10:03:42.185,1944.874077528654,234818181380.08603,18266355626.07813,2026-03-03 01:20:38.901261
ethereum,2026-02-11 11:01:34.222,1936.9630372836734,233461447627.65347,19174532853.31178,2026-03-03 01:20:38.901262
ethereum,2026-02-11 12:04:13.776,1952.4260599296833,235665036884.3303,18869170822.104088,2026-03-03 01:20:38.901263
ethereum,2026-02-11 13:02:22.488,1950.8669938535559,235466347445.23047,18416047650.17401,2026-03-03 01:20:38.901264
ethereum,2026-02-11 14:03:51.821,1959.5855355884746,236299893362.04263,19398587768.19016,2026-03-03 01:20:38.901264
ethereum,2026-02-11 15:02:31.379,1940.616893867235,234881195154.62488,19113693720.1132,2026-03-03 01:20:38.901265
ethereum,2026-02-11 16:03:40.999,1929.2522447026354,233147157441.6657,21757742159.046722,2026-03-03 01:20:38.901266
ethereum,2026-02-11 17:02:57.135,1914.1490674687534,231129987439.63254,21145656760.092125,2026-03-03 01:20:38.901267
ethereum,2026-02-11 18:00:54.905,1931.0524827132842,233142423849.51123,22181200004.846027,2026-03-03 01:20:38.901268
ethereum,2026-02-11 19:02:50.109,1942.785321002298,234645132845.9795,21612815725.099815,2026-03-03 01:20:38.901269
ethereum,2026-02-11 20:00:50.367,1951.410893019063,235581678151.8501,22185682251.719437,2026-03-03 01:20:38.901270
ethereum,2026-02-11 21:00:41.653,1952.2400097414186,235682687317.79346,22351999201.42483,2026-03-03 01:20:38.901270
ethereum,2026-02-11 22:03:11.268,1969.5135510680464,237987454001.12607,22846463336.490395,2026-03-03 01:20:38.901271
ethereum,2026-02-11 23:03:03.039,1950.4782290920398,235503337820.76614,22967369923.720318,2026-03-03 01:20:38.901272
ethereum,2026-02-12 00:02:49.686,1940.5781125992298,234154118571.51108,23739697799.496758,2026-03-03 01:20:38.901273
ethereum,2026-02-12 01:03:41.566,1959.3026106161067,236497451996.8083,24126249705.031628,2026-03-03 01:20:38.901274
ethereum,2026-02-12 02:01:58.713,1964.8969252256543,237226683861.3113,24874231809.2026,2026-03-03 01:20:38.901275
ethereum,2026-02-12 03:02:06.170,1957.8325045085512,236305274367.19922,23804996715.32521,2026-03-03 01:20:38.901275
ethereum,2026-02-12 04:03:41.516,1966.9057955447681,237371060608.92554,24512158923.700233,2026-03-03 01:20:38.901276
ethereum,2026-02-12 05:02:19.242,1965.1467155613375,237188762703.30948,24079695187.774452,2026-03-03 01:20:38.901277
ethereum,2026-02-12 06:03:12.768,1968.2084918064193,237582655067.7004,23828854039.145332,2026-03-03 01:20:38.901278
ethereum,2026-02-12 07:02:33.453,1970.55273785167,237805126156.36517,20543342290.65835,2026-03-03 01:20:38.901279
ethereum,2026-02-12 08:03:12.270,1968.3946955037566,237547767348.18323,22230929861.443268,2026-03-03 01:20:38.901280
ethereum,2026-02-12 09:00:27.285,1963.4602747238164,236787525884.893,23038375163.525566,2026-03-03 01:20:38.901281
ethereum,2026-02-12 10:02:47.137,1980.7289856255647,239316725394.52353,23110168970.79407,2026-03-03 01:20:38.901281
ethereum,2026-02-12 11:03:19.063,1992.50090816668,240383161570.03635,22440243359.07385,2026-03-03 01:20:38.901282
ethereum,2026-02-12 12:03:17.303,1989.0147304942466,240111625089.52472,22504486974.624367,2026-03-03 01:20:38.901283
ethereum,2026-02-12 13:03:24.174,1979.6398455846963,238908191084.0519,22776458846.523407,2026-03-03 01:20:38.901284
ethereum,2026-02-12 14:02:58.779,1993.5774893539829,240023996177.799,21480389122.819984,2026-03-03 01:20:38.901285
ethereum,2026-02-12 15:02:41.111,1978.816258475786,239117548739.04092,20244701929.098156,2026-03-03 01:20:38.901286
ethereum,2026-02-12 16:00:14.097,1948.2388957444778,236139172991.94308,19550813077.884895,2026-03-03 01:20:38.901286
ethereum,2026-02-12 17:03:11.999,1907.1237793606736,230147627046.30917,19673963250.320816,2026-03-03 01:20:38.901287
ethereum,2026-02-12 18:02:19.301,1909.114410362576,230346784164.29437,19334896972.883377,2026-03-03 01:20:38.901288
ethereum,2026-02-12 19:03:21.142,1917.3038913310327,231434509970.15952,20125489015.5734,2026-03-03 01:20:38.901289
ethereum,2026-02-12 20:01:14.387,1924.3299632989938,232660500276.57495,19525808936.679367,2026-03-03 01:20:38.901290
ethereum,2026-02-12 21:01:36.466,1914.6498101838463,231065584286.61337,20055990674.271156,2026-03-03 01:20:38.901290
ethereum,2026-02-12 22:03:04.449,1921.7171515141426,231931165747.89795,18547117307.337574,2026-03-03 01:20:38.901291
ethereum,2026-02-12 23:01:39.513,1941.4743898224851,234070059603.9561,19427316487.601364,2026-03-03 01:20:38.901292
ethereum,2026-02-13 00:02:26.949,1945.1664060325418,235074846007.31265,19421275178.180984,2026-03-03 01:20:38.901293
ethereum,2026-02-13 01:03:05.298,1932.4057671558767,233314138032.28476,19222635168.147717,2026-03-03 01:20:38.901294
ethereum,2026-02-13 02:03:12.906,1941.255256881003,234167003733.10385,20341378650.35641,2026-03-03 01:20:38.901295
ethereum,2026-02-13 03:04:13.868,1947.6535195086722,235103114747.1242,20069377984.853615,2026-03-03 01:20:38.901295
ethereum,2026-02-13 04:02:56.601,1950.9623456852485,235326921261.3154,19328864014.63674,2026-03-03 01:20:38.901296
ethereum,2026-02-13 05:03:16.128,1943.737701130771,234809052620.96616,20327087987.555805,2026-03-03 01:20:38.901298
ethereum,2026-02-13 06:03:34.261,1933.6047686794354,233479224615.24106,19915225453.73418,2026-03-03 01:20:38.901298
ethereum,2026-02-13 07:00:48.956,1933.1574399660385,232806411784.87936,16703220780.025528,2026-03-03 01:20:38.901299
ethereum,2026-02-13 08:03:30.118,1934.7948359681202,233706423449.22946,19901514911.60949,2026-03-03 01:20:38.901300
ethereum,2026-02-13 09:04:02.487,1956.7635496630985,236223567832.60086,19228115757.114624,2026-03-03 01:20:38.901301
ethereum,2026-02-13 10:02:36.359,1960.6018867280807,236556356628.1241,19362764781.390236,2026-03-03 01:20:38.901302
ethereum,2026-02-13 11:02:35.254,1958.121328690087,236371179601.34982,20085095119.09027,2026-03-03 01:20:38.901303
ethereum,2026-02-13 12:00:37.465,1958.816246996486,236422420557.10712,18986511425.09887,2026-03-03 01:20:38.901303
ethereum,2026-02-13 13:02:40.701,1959.8571311255914,236833716399.64612,18859565548.004757,2026-03-03 01:20:38.901304
ethereum,2026-02-13 14:02:21.714,1969.4632078213647,237987565801.17535,19322217456.529026,2026-03-03 01:20:38.901305
ethereum,2026-02-13 15:02:10.823,1987.9534956837406,239915033890.7237,21318050564.58338,2026-03-03 01:20:38.901306
ethereum,2026-02-13 16:02:05.881,2033.243788075006,244864809752.21912,21534337136.514256,2026-03-03 01:20:38.901307
ethereum,2026-02-13 17:00:01.005,2067.442271983571,249398177040.66675,20756953867.734737,2026-03-03 01:20:38.901308
ethereum,2026-02-13 18:00:13.757,2059.1921332707257,248533415375.9028,20670932652.29246,2026-03-03 01:20:38.901308
ethereum,2026-02-13 19:00:03.218,2059.792323691696,248510393714.0987,19558675574.885765,2026-03-03 01:20:38.901309
ethereum,2026-02-13 20:02:39.981,2057.5760820341234,248589911878.39798,20936973698.01809,2026-03-03 01:20:38.901310
ethereum,2026-02-13 21:02:52.285,2044.869223652202,246628426505.09,20895343806.2439,2026-03-03 01:20:38.901311
ethereum,2026-02-13 22:03:40.496,2052.4719110100755,247364401346.02692,20458445744.80174,2026-03-03 01:20:38.901312
ethereum,2026-02-13 23:01:35.292,2051.7763397653516,247448293072.37323,21080676866.585773,2026-03-03 01:20:38.901313
ethereum,2026-02-14 00:01:43.299,2048.1151118994317,247247974371.8545,19765684402.79289,2026-03-03 01:20:38.901314
ethereum,2026-02-14 01:02:35.045,2053.588472479615,247926850870.09067,20367339468.902855,2026-03-03 01:20:38.901314
ethereum,2026-02-14 02:00:42.552,2053.4667489193457,247817539288.92502,19480982784.82173,2026-03-03 01:20:38.901315
ethereum,2026-02-14 03:01:17.454,2048.6834326292333,247172871506.61356,19277519537.566372,2026-03-03 01:20:38.901316
ethereum,2026-02-14 04:02:49.413,2053.41122655476,247924767148.86438,19095237046.21988,2026-03-03 01:20:38.901317
ethereum,2026-02-14 05:02:18.132,2052.6141726769733,247764734864.94498,18826543133.11503,2026-03-03 01:20:38.901318
ethereum,2026-02-14 06:02:45.119,2050.06927073198,247524615383.27307,18630970703.90067,2026-03-03 01:20:38.901319
ethereum,2026-02-14 07:02:30.982,2052.5378781354375,247756364914.54614,18470712565.500557,2026-03-03 01:20:38.901319
ethereum,2026-02-14 08:03:23.952,2056.234436965675,248167787382.181,18042413554.619957,2026-03-03 01:20:38.901320
ethereum,2026-02-14 09:03:24.419,2081.2982997616573,251180463788.2942,18036193794.150032,2026-03-03 01:20:38.901321
ethereum,2026-02-14 10:02:19.191,2077.6480661017667,250866431898.7833,19214009866.69449,2026-03-03 01:20:38.901322
ethereum,2026-02-14 11:03:23.351,2076.1209722743774,250485061931.44867,18201584975.39406,2026-03-03 01:20:38.901323
ethereum,2026-02-14 12:00:49.901,2098.0705197513307,253278574746.36868,17620536813.28861,2026-03-03 01:20:38.901324
ethereum,2026-02-14 13:03:47.573,2070.6913409074987,250175335140.737,20767024737.48135,2026-03-03 01:20:38.901324
ethereum,2026-02-14 14:03:05.621,2070.4537401631915,249778102586.5363,20611036651.352787,2026-03-03 01:20:38.901325
ethereum,2026-02-14 15:03:09.340,2084.5706304716937,251726656106.5525,19044799013.330917,2026-03-03 01:20:38.901326
ethereum,2026-02-14 16:03:17.714,2086.8555506915523,251927120240.54028,17210770071.612694,2026-03-03 01:20:38.901327
ethereum,2026-02-14 17:02:46.448,2081.2874903307775,251309234519.8507,16797630333.491005,2026-03-03 01:20:38.901328
ethereum,2026-02-14 18:03:13.951,2078.4822270962695,250967950567.7071,16495570585.305897,2026-03-03 01:20:38.901329
ethereum,2026-02-14 19:02:41.447,2083.9004640182284,251416436098.76398,16169803613.862122,2026-03-03 01:20:38.901329
ethereum,2026-02-14 20:00:36.530,2087.3189297225013,251903464417.57056,15866819969.527733,2026-03-03 01:20:38.901330
ethereum,2026-02-14 21:02:15.014,2088.368719034728,252025722734.27353,15252460384.263697,2026-03-03 01:20:38.901331
ethereum,2026-02-14 22:03:20.468,2084.8366731234723,251588309797.15366,16001492655.383812,2026-03-03 01:20:38.901332
ethereum,2026-02-14 23:02:29.015,2089.6433565859675,252317196214.5427,23847635996.28532,2026-03-03 01:20:38.901333
ethereum,2026-02-15 00:03:17.763,2085.189981560399,251706847538.5248,16991497819.248497,2026-03-03 01:20:38.901333
ethereum,2026-02-15 01:02:44.543,2078.615622470811,250867860972.9927,16062907188.930256,2026-03-03 01:20:38.901334
ethereum,2026-02-15 02:02:57.391,2063.4153040681304,248941559165.9489,17290337846.014767,2026-03-03 01:20:38.901340
ethereum,2026-02-15 03:02:43.305,2059.067989785143,248826717615.04672,18318425733.421204,2026-03-03 01:20:38.901340
ethereum,2026-02-15 04:00:44.626,2058.9995446102116,248311052801.94138,21163053820.065796,2026-03-03 01:20:38.901341
ethereum,2026-02-15 05:03:01.687,2075.326774614961,250313753798.50732,22500737169.623848,2026-03-03 01:20:38.901342
ethereum,2026-02-15 06:02:44.334,2087.8332411277024,252154963425.5254,23119555220.434505,2026-03-03 01:20:38.901343
ethereum,2026-02-15 07:03:49.262,2085.266571557726,251639159519.58627,22857019231.944477,2026-03-03 01:20:38.901344
ethereum,2026-02-15 08:00:40.032,2090.1571583729083,252280248652.7259,24688084407.661926,2026-03-03 01:20:38.901345
ethereum,2026-02-15 09:03:16.602,2068.3235103530083,249491389804.01553,24607000676.153706,2026-03-03 01:20:38.901345
ethereum,2026-02-15 10:02:32.096,2067.327888223366,249616611654.50214,24547970902.478348,2026-03-03 01:20:38.901346
ethereum,2026-02-15 11:02:29.547,2060.5945531967436,248902862555.0317,25027698599.78132,2026-03-03 01:20:38.901347
ethereum,2026-02-15 12:02:28.265,2060.802555782671,248663163646.54782,23870038166.930557,2026-03-03 01:20:38.901348
ethereum,2026-02-15 13:03:53.887,2015.4562881129427,243616003790.5473,24267520029.423008,2026-03-03 01:20:38.901349
ethereum,2026-02-15 14:01:03.227,2001.0349018591867,241674628953.73538,24953284978.540012,2026-03-03 01:20:38.901350
ethereum,2026-02-15 15:03:41.062,2008.8985315452267,242480220980.38202,25448394081.19456,2026-03-03 01:20:38.901350
ethereum,2026-02-15 16:00:39.886,2010.056607302998,242415498783.39175,24533018519.719837,2026-03-03 01:20:38.901351
ethereum,2026-02-15 17:02:37.933,2005.7121201545701,242103974233.48883,25262445837.28528,2026-03-03 01:20:38.901352
ethereum,2026-02-15 18:01:24.102,1969.938454493388,237690359180.497,25578541345.788555,2026-03-03 01:20:38.901353
ethereum,2026-02-15 19:00:49.934,1957.43666641872,236020111961.3315,27778548699.047394,2026-03-03 01:20:38.901354
ethereum,2026-02-15 20:02:44.620,1942.222317403274,234669727620.825,30221907463.156914,2026-03-03 01:20:38.901355
ethereum,2026-02-15 21:03:19.026,1949.16137948393,235172060891.54507,29811064791.401196,2026-03-03 01:20:38.901356
ethereum,2026-02-15 22:02:37.152,1957.8458554808944,236354932989.8674,30371939852.738438,2026-03-03 01:20:38.901359
ethereum,2026-02-15 23:03:39.447,1968.2342580928992,237592115418.48068,30651819439.475384,2026-03-03 01:20:38.901360
ethereum,2026-02-16 00:01:45.491,1965.1597038302314,237108680939.59772,30061336690.022507,2026-03-03 01:20:38.901361
ethereum,2026-02-16 01:02:26.877,1967.7740319174516,237532088051.4073,31072394343.946445,2026-03-03 01:20:38.901361
ethereum,2026-02-16 02:01:52.363,1962.5415346506481,236866611970.90625,31173219141.15872,2026-03-03 01:20:38.901362
ethereum,2026-02-16 03:01:38.067,1955.9128106532987,235870714066.79242,30771536246.18344,2026-03-03 01:20:38.901363
ethereum,2026-02-16 04:00:16.421,1957.6361564915198,236205424182.9017,27830526891.776,2026-03-03 01:20:38.901364
ethereum,2026-02-16 05:02:29.466,1971.5323559158671,237919097212.3574,26311829099.45074,2026-03-03 01:20:38.901365
ethereum,2026-02-16 06:02:52.388,1956.5480301814928,236205105726.96158,31044015417.616596,2026-03-03 01:20:38.901366
ethereum,2026-02-16 07:03:08.948,1965.5628662004508,237242635379.57828,25907182812.73268,2026-03-03 01:20:38.901366
ethereum,2026-02-16 08:02:53.919,1970.14273289616,237765585097.99902,25070225374.80171,2026-03-03 01:20:38.901367
ethereum,2026-02-16 09:03:04.349,1976.0191315721866,238456245414.43298,23955041703.309013,2026-03-03 01:20:38.901368
ethereum,2026-02-16 10:02:27.953,1985.9403371355943,239739623818.84064,23765194404.599888,2026-03-03 01:20:38.901369
ethereum,2026-02-16 11:02:48.518,1977.9969822820813,238805568065.5492,26843826833.74148,2026-03-03 01:20:38.901370
ethereum,2026-02-16 12:02:22.215,1975.715468347886,238450202272.52542,24170216160.850456,2026-03-03 01:20:38.901371
ethereum,2026-02-16 13:02:29.567,2004.9423207817906,242080604055.2258,24504737994.326294,2026-03-03 01:20:38.901371
ethereum,2026-02-16 14:02:45.450,1967.6635800735728,237265089451.45322,24989982060.901928,2026-03-03 01:20:38.901372
ethereum,2026-02-16 15:03:43.058,1972.646148919403,237960087187.70804,25166022220.41115,2026-03-03 01:20:38.901373
ethereum,2026-02-16 16:02:53.278,1955.7902200449637,236053967128.98062,24612596830.53722,2026-03-03 01:20:38.901374
ethereum,2026-02-16 17:02:54.853,1971.803702153238,237860665303.99686,24587363221.211693,2026-03-03 01:20:38.901379
ethereum,2026-02-16 18:02:29.622,1978.1444308699288,238745967070.25836,24720744902.12737,2026-03-03 01:20:38.901380
ethereum,2026-02-16 19:03:56.479,1968.4247197936131,237560310100.65164,21904430073.526917,2026-03-03 01:20:38.901381
ethereum,2026-02-16 20:03:26.821,1973.2545199920798,238183840312.66595,19950036534.352848,2026-03-03 01:20:38.901382
ethereum,2026-02-16 21:03:27.312,1991.521898373786,240306386404.7119,19246766359.78998,2026-03-03 01:20:38.901382
ethereum,2026-02-16 22:04:25.079,1997.637849471219,241335776944.73242,19746023225.788486,2026-03-03 01:20:38.901383
ethereum,2026-02-16 23:02:50.528,1990.1415051857539,240228460510.14392,20015231093.75156,2026-03-03 01:20:38.901384
ethereum,2026-02-17 00:03:21.358,1997.6176245178935,241130588265.7972,18865560621.24518,2026-03-03 01:20:38.901385
ethereum,2026-02-17 01:02:17.662,1997.743430678263,241163592451.52875,16674700891.24921,2026-03-03 01:20:38.901386
ethereum,2026-02-17 02:02:36.319,1991.1795134463807,240408179226.2416,18983024174.181675,2026-03-03 01:20:38.901387
ethereum,2026-02-17 03:03:35.116,1998.03134716245,241547043528.137,18756989416.099953,2026-03-03 01:20:38.901387
ethereum,2026-02-17 04:00:00.983,1988.5605161526614,240033668392.31686,18507081182.66696,2026-03-03 01:20:38.901388
ethereum,2026-02-17 05:02:10.556,1988.198582323102,239851895372.12604,18737216313.37761,2026-03-03 01:20:38.901401
ethereum,2026-02-17 06:03:24.286,1974.5225683219364,238285285880.24515,18797571686.610413,2026-03-03 01:20:38.901402
ethereum,2026-02-17 07:00:01.091,1981.5385032446823,239181110313.73456,21498779781.076603,2026-03-03 01:20:38.901403
ethereum,2026-02-17 08:02:51.790,1984.9934598886998,239676129488.05838,18736471298.54499,2026-03-03 01:20:38.901404
ethereum,2026-02-17 09:02:02.314,1975.8413176132808,238375978491.1373,18880317595.086887,2026-03-03 01:20:38.901405
ethereum,2026-02-17 10:01:57.170,1974.6293933827178,238318734341.85837,18712515536.29001,2026-03-03 01:20:38.901405
ethereum,2026-02-17 11:02:17.998,1966.2850210591719,237143341461.7061,18225860774.27557,2026-03-03 01:20:38.901406
ethereum,2026-02-17 12:00:36.866,1967.222227403676,237504905966.83466,18431636894.456062,2026-03-03 01:20:38.901407
ethereum,2026-02-17 13:01:45.844,1968.653914637936,237487891384.93393,18199326931.850826,2026-03-03 01:20:38.901410
ethereum,2026-02-17 14:02:14.807,1989.5390164057962,240122319303.20044,17476700896.50971,2026-03-03 01:20:38.901411
ethereum,2026-02-17 15:02:31.385,1948.2468264255663,235282378354.26022,19151156332.952705,2026-03-03 01:20:38.901412
ethereum,2026-02-17 16:01:17.394,1965.8775191074692,237076551776.1962,18601159252.172573,2026-03-03 01:20:38.901413
ethereum,2026-02-17 17:00:44.208,1980.931127895006,239117867453.69205,19836015057.068966,2026-03-03 01:20:38.901414
ethereum,2026-02-17 18:02:46.903,1964.3265868897981,237021882539.7727,20337143646.63493,2026-03-03 01:20:38.901415
ethereum,2026-02-17 19:03:19.434,1998.9440489431877,241660796352.456,23832173572.06051,2026-03-03 01:20:38.901416
ethereum,2026-02-17 20:01:06.795,1998.3215175183127,241413744566.09302,21721998718.00768,2026-03-03 01:20:38.901416
ethereum,2026-02-17 21:02:11.108,1994.2791983086454,240818802377.21823,21183730736.18149,2026-03-03 01:20:38.901417
ethereum,2026-02-17 22:03:10.918,1998.9963292280947,241233674412.8871,19975734533.905994,2026-03-03 01:20:38.901418
ethereum,2026-02-17 23:02:25.231,1992.8749133537472,240549384824.66922,20697895276.56023,2026-03-03 01:20:38.901419
ethereum,2026-02-18 00:02:26.948,1991.0327005148895,240465996069.09854,21389737324.930492,2026-03-03 01:20:38.901420
ethereum,2026-02-18 01:02:17.479,1980.9220809979959,239127820840.47388,20643179469.251034,2026-03-03 01:20:38.901421
ethereum,2026-02-18 02:01:50.383,1976.1940025276774,238357443832.72122,19641281869.625103,2026-03-03 01:20:38.901421
ethereum,2026-02-18 03:01:46.158,1986.996322348644,239819125840.56683,20607680073.13574,2026-03-03 01:20:38.901422
ethereum,2026-02-18 04:00:17.019,1997.5494960105796,241180851922.099,24664088609.826485,2026-03-03 01:20:38.901423
ethereum,2026-02-18 05:01:46.825,1997.3550558268312,241067650880.2134,21448986061.431435,2026-03-03 01:20:38.901424
ethereum,2026-02-18 06:01:35.106,1995.423342204643,240874868009.66037,20274620946.6314,2026-03-03 01:20:38.901425
ethereum,2026-02-18 07:00:24.048,2001.265488740971,241695191679.63593,20179771315.569054,2026-03-03 01:20:38.901426
ethereum,2026-02-18 08:01:33.673,2017.3000485909101,243507040441.86005,21639792467.313286,2026-03-03 01:20:38.901428
ethereum,2026-02-18 09:01:01.069,2019.4253543448633,243751993444.70892,21602609379.459476,2026-03-03 01:20:38.901429
ethereum,2026-02-18 10:03:33.197,2015.6431365165718,243302949817.75064,21652962600.526817,2026-03-03 01:20:38.901430
ethereum,2026-02-18 11:02:33.899,1995.7136626060264,240922488005.13864,20357045020.54075,2026-03-03 01:20:38.901431
ethereum,2026-02-18 12:03:03.154,1981.2138173123924,239825159692.68472,23315931543.80707,2026-03-03 01:20:38.901432
ethereum,2026-02-18 13:01:52.103,1982.3948918302997,239464481864.4058,25471223686.308422,2026-03-03 01:20:38.901432
ethereum,2026-02-18 14:02:45.821,1969.6210791786991,237085533601.1573,23687085138.223328,2026-03-03 01:20:38.901433
ethereum,2026-02-18 15:00:55.410,1972.2893815903544,237908941172.98776,22402423170.542473,2026-03-03 01:20:38.901434
ethereum,2026-02-18 16:02:19.992,1984.4031662590487,240161976874.10916,21942855984.61023,2026-03-03 01:20:38.901435
ethereum,2026-02-18 17:00:36.784,1970.7264876406643,237696276772.86566,23091503893.042255,2026-03-03 01:20:38.901436
ethereum,2026-02-18 18:01:00.003,1973.2563301407945,237995752355.6858,19203883148.144356,2026-03-03 01:20:38.901437
ethereum,2026-02-18 19:00:35.270,1952.3425040123807,236091549795.6303,22323057405.314465,2026-03-03 01:20:38.901437
ethereum,2026-02-18 20:02:05.146,1937.9312357419658,233429214432.67978,20091237062.529224,2026-03-03 01:20:38.901438
ethereum,2026-02-18 21:02:09.009,1940.16276989658,234247978131.1198,22867110896.773148,2026-03-03 01:20:38.901439
ethereum,2026-02-18 22:01:31.356,1941.5411960083682,234391305157.6704,20499218789.09203,2026-03-03 01:20:38.901440
ethereum,2026-02-18 23:00:24.109,1947.7634013679203,235009182007.95044,22147300419.511154,2026-03-03 01:20:38.901441
ethereum,2026-02-19 00:01:18.088,1954.4481156455342,235926025993.51245,19809231024.498226,2026-03-03 01:20:38.901441
ethereum,2026-02-19 01:02:47.503,1955.7634353424992,235877972150.643,19655408321.739914,2026-03-03 01:20:38.901442
ethereum,2026-02-19 02:02:43.541,1966.3315197191712,237313715013.82455,22870231670.28354,2026-03-03 01:20:38.901443
ethereum,2026-02-19 03:04:20.337,1966.675995769814,237083290735.08035,20127153211.239727,2026-03-03 01:20:38.901444
ethereum,2026-02-19 04:00:53.997,1971.8320731946944,237856333240.1644,19324108820.6521,2026-03-03 01:20:38.901448
ethereum,2026-02-19 05:03:14.182,1969.0021023561076,237789368905.8988,22511000567.92517,2026-03-03 01:20:38.901449
ethereum,2026-02-19 06:01:31.959,1969.2445609850797,237681200803.7198,22501145048.258495,2026-03-03 01:20:38.901450
ethereum,2026-02-19 07:00:31.430,1982.2263820961646,239252982580.09027,20453149282.03986,2026-03-03 01:20:38.901451
ethereum,2026-02-19 08:01:55.513,1980.5019202927174,238905622426.573,19396782201.528564,2026-03-03 01:20:38.901452
ethereum,2026-02-19 09:02:22.146,1970.2954951775405,237543384295.47424,18958092798.900898,2026-03-03 01:20:38.901453
ethereum,2026-02-19 10:02:35.505,1963.3430107311294,236944755960.094,20056733349.457584,2026-03-03 01:20:38.901453
ethereum,2026-02-19 11:02:37.401,1958.5404328875156,236473406671.1997,20730958954.85784,2026-03-03 01:20:38.901454
ethereum,2026-02-19 12:02:42.675,1949.3167955472268,235475862339.4228,20583664570.95106,2026-03-03 01:20:38.901455
ethereum,2026-02-19 13:01:00.243,1946.9105271609526,234999943972.3891,18669623466.597805,2026-03-03 01:20:38.901456
ethereum,2026-02-19 14:02:07.563,1921.0043055127544,231817497417.91644,19352715877.821907,2026-03-03 01:20:38.901457
ethereum,2026-02-19 15:02:39.170,1936.602055658481,234428724802.93982,20179775741.546078,2026-03-03 01:20:38.901458
ethereum,2026-02-19 16:01:02.944,1923.7919849874968,231916164823.4411,22145936318.459873,2026-03-03 01:20:38.901458
ethereum,2026-02-19 17:01:53.505,1922.3541564281,232025009728.90073,21068383462.143143,2026-03-03 01:20:38.901459
ethereum,2026-02-19 18:01:39.674,1918.5571030854821,231408618128.83755,18207574031.917385,2026-03-03 01:20:38.901460
ethereum,2026-02-19 19:02:15.757,1938.399861298769,233789563515.87158,21334569296.438526,2026-03-03 01:20:38.901461
ethereum,2026-02-19 20:03:17.803,1939.9836453656517,234120005802.9275,19666588732.140816,2026-03-03 01:20:38.901462
ethereum,2026-02-19 21:03:18.762,1948.982028721547,235132847388.97568,17280883551.62181,2026-03-03 01:20:38.901463
ethereum,2026-02-19 22:02:10.806,1946.5341880722603,234977005513.04428,17418077111.31848,2026-03-03 01:20:38.901463
ethereum,2026-02-19 23:01:55.011,1943.8994481091333,234543411975.45947,17186470604.476414,2026-03-03 01:20:38.901466
ethereum,2026-02-20 00:02:37.343,1948.0657552264208,235073562942.31964,17746469548.832935,2026-03-03 01:20:38.901467
ethereum,2026-02-20 01:02:37.537,1957.303524375768,236220108410.78946,19035390032.29872,2026-03-03 01:20:38.901468
ethereum,2026-02-20 02:03:18.839,1952.6773263740242,235673855525.53708,17893529000.651104,2026-03-03 01:20:38.901469
ethereum,2026-02-20 03:02:13.731,1949.3891460702969,235336149659.03845,16093758455.035143,2026-03-03 01:20:38.901470
ethereum,2026-02-20 04:01:33.583,1953.539872892293,235898882547.3168,17197156353.35881,2026-03-03 01:20:38.901471
ethereum,2026-02-20 05:03:33.357,1938.748279948868,233911044079.7042,16947428855.022423,2026-03-03 01:20:38.901472
ethereum,2026-02-20 06:03:41.478,1954.598682200205,236034508078.83688,19612111027.512333,2026-03-03 01:20:38.901473
ethereum,2026-02-20 07:02:34.612,1957.5972850793923,236266867758.6244,19330761124.772034,2026-03-03 01:20:38.901473
ethereum,2026-02-20 08:03:40.319,1960.0431335177288,236506303378.61826,19785231371.01402,2026-03-03 01:20:38.901474
ethereum,2026-02-20 09:02:58.459,1959.2749153461186,236606630846.97238,18061962334.4163,2026-03-03 01:20:38.901475
ethereum,2026-02-20 10:02:14.298,1967.1966964197627,237519897516.35318,19938945255.447033,2026-03-03 01:20:38.901476
ethereum,2026-02-20 11:02:43.424,1956.345909093457,236155777077.1736,18426083330.494457,2026-03-03 01:20:38.901477
ethereum,2026-02-20 12:00:58.924,1943.9930070536313,234768496191.0544,20441357542.65591,2026-03-03 01:20:38.901478
ethereum,2026-02-20 13:01:13.726,1948.5806586767658,235168139710.47495,20559437335.181698,2026-03-03 01:20:38.901478
ethereum,2026-02-20 14:02:27.952,1933.2919194784408,233258431462.3833,20212054167.44449,2026-03-03 01:20:38.901479
ethereum,2026-02-20 15:00:30.305,1942.4695131856565,234465511423.30594,19003575413.828754,2026-03-03 01:20:38.901480
ethereum,2026-02-20 16:03:06.468,1963.141570934229,236849673311.28558,21170979682.225033,2026-03-03 01:20:38.901481
ethereum,2026-02-20 17:01:52.007,1968.2755889286484,237179880924.25165,20420233523.90408,2026-03-03 01:20:38.901482
ethereum,2026-02-20 18:01:13.444,1965.4065341362657,237144759533.4325,21186991979.47035,2026-03-03 01:20:38.901482
ethereum,2026-02-20 19:02:17.281,1975.1179199411781,237932596486.8078,21795233198.358517,2026-03-03 01:20:38.901485
ethereum,2026-02-20 20:01:57.049,1962.9527218433668,236907368822.8319,21409770227.775604,2026-03-03 01:20:38.901486
ethereum,2026-02-20 21:02:56.695,1968.511581683248,237618197180.855,21349106660.90255,2026-03-03 01:20:38.901487
ethereum,2026-02-20 22:00:40.925,1973.4141609407097,238201955511.57263,21316232475.871532,2026-03-03 01:20:38.901488
ethereum,2026-02-20 23:02:55.259,1970.3991452934747,237808357749.9401,21294573167.23422,2026-03-03 01:20:38.901490
ethereum,2026-02-21 00:01:32.135,1968.176253440744,237571647704.20493,21360368266.77606,2026-03-03 01:20:38.901491
ethereum,2026-02-21 01:01:23.058,1962.3276711835413,236776602116.7539,21039699226.03788,2026-03-03 01:20:38.901492
ethereum,2026-02-21 02:02:34.454,1965.6799156902252,237208249880.22845,20938622097.773243,2026-03-03 01:20:38.901493
ethereum,2026-02-21 03:00:22.233,1965.9629414188755,237288817109.03494,24231528606.62279,2026-03-03 01:20:38.901494
ethereum,2026-02-21 04:02:47.961,1958.3245272369775,236214901126.20502,20678147839.02756,2026-03-03 01:20:38.901494
ethereum,2026-02-21 05:02:07.316,1961.6926853078173,236494898347.7301,19662215687.275692,2026-03-03 01:20:38.901495
ethereum,2026-02-21 06:02:03.289,1962.202883426678,236822921346.9177,20379555384.220448,2026-03-03 01:20:38.901496
ethereum,2026-02-21 07:02:26.811,1960.9298177913845,236649794451.38025,19342658188.079693,2026-03-03 01:20:38.901497
ethereum,2026-02-21 08:02:32.060,1962.1646174810203,236746751111.9762,19329874042.517452,2026-03-03 01:20:38.901498
ethereum,2026-02-21 09:02:17.263,1968.5916929959137,237396502534.7025,19419335518.73448,2026-03-03 01:20:38.901499
ethereum,2026-02-21 10:02:04.417,1969.9244975895988,237766249440.1167,18493418104.342285,2026-03-03 01:20:38.901499
ethereum,2026-02-21 11:02:11.074,1973.3542107914457,238138740607.04874,18021649072.08777,2026-03-03 01:20:38.901500
ethereum,2026-02-21 12:02:16.145,1976.700927539717,238559388574.17526,18040203285.50464,2026-03-03 01:20:38.901501
ethereum,2026-02-21 13:00:50.230,1975.1111120928424,238364591142.60678,21195867837.421757,2026-03-03 01:20:38.901502
ethereum,2026-02-21 14:02:09.976,1980.1798358010524,238843246877.29056,17674381524.001846,2026-03-03 01:20:38.901504
ethereum,2026-02-21 15:02:08.579,1987.7164133801566,239798588095.59988,16717841562.259874,2026-03-03 01:20:38.901505
ethereum,2026-02-21 16:02:32.766,1987.796902152452,240016183757.90408,14307247968.801394,2026-03-03 01:20:38.901506
ethereum,2026-02-21 17:03:07.608,1985.9719412366646,239758376938.69473,16512579070.303047,2026-03-03 01:20:38.901507
ethereum,2026-02-21 18:00:32.163,1988.1123374059555,240106074185.295,16116597418.619307,2026-03-03 01:20:38.901508
ethereum,2026-02-21 19:03:03.036,1991.6519300268792,240476389242.5911,12476483209.921099,2026-03-03 01:20:38.901509
ethereum,2026-02-21 20:03:38.128,1987.9984231619135,239967238708.24164,12019936890.665005,2026-03-03 01:20:38.901509
ethereum,2026-02-21 21:03:08.009,1976.8157091090586,238820119686.44547,12529950838.131247,2026-03-03 01:20:38.901510
ethereum,2026-02-21 22:02:45.817,1981.217605290526,239067234797.75998,12768068842.395744,2026-03-03 01:20:38.901511
ethereum,2026-02-21 23:03:31.637,1973.262338250444,238178053190.58575,11137918467.936152,2026-03-03 01:20:38.901512
ethereum,2026-02-22 00:02:10.574,1973.0736753460271,238183355351.80237,11953446051.422438,2026-03-03 01:20:38.901513
ethereum,2026-02-22 01:02:27.600,1971.7580857074074,237951060602.80615,11926783230.965437,2026-03-03 01:20:38.901514
ethereum,2026-02-22 02:01:47.201,1976.5696360040565,238511836439.02115,11285152350.752083,2026-03-03 01:20:38.901514
ethereum,2026-02-22 03:02:22.629,1971.7345500490394,238028936275.427,11401281188.758926,2026-03-03 01:20:38.901515
ethereum,2026-02-22 04:02:55.968,1973.8538960204132,238089003807.90015,12300748880.655304,2026-03-03 01:20:38.901516
ethereum,2026-02-22 05:02:50.399,1973.00533387098,238172310701.47787,12664441726.949537,2026-03-03 01:20:38.901517
ethereum,2026-02-22 06:02:49.612,1974.0606648743292,238073644056.6529,11381793852.16999,2026-03-03 01:20:38.901518
ethereum,2026-02-22 07:00:21.918,1975.5169158075046,238415931118.97488,11332517990.892458,2026-03-03 01:20:38.901519
ethereum,2026-02-22 08:02:54.334,1975.713054922082,238412988425.7634,10352571941.651323,2026-03-03 01:20:38.901519
ethereum,2026-02-22 09:02:03.163,1973.0573271759579,238071070871.34833,10795120437.55102,2026-03-03 01:20:38.901520
ethereum,2026-02-22 10:01:57.505,1975.4650106360848,238424227265.19598,10626152557.407137,2026-03-03 01:20:38.901523
ethereum,2026-02-22 11:02:14.763,1977.058471576354,238649002633.69116,10761803336.352795,2026-03-03 01:20:38.901524
ethereum,2026-02-22 12:00:26.309,1980.0434803406295,238928558525.36465,9914918378.940104,2026-03-03 01:20:38.901524
ethereum,2026-02-22 13:02:37.907,1966.334586980369,237289610786.69284,10210756559.172287,2026-03-03 01:20:38.901525
ethereum,2026-02-22 14:02:30.661,1950.3012879991647,235322437759.5097,11140736464.534458,2026-03-03 01:20:38.901526
ethereum,2026-02-22 15:00:37.618,1949.5322375376452,235324347725.11273,10157207486.787857,2026-03-03 01:20:38.901527
ethereum,2026-02-22 16:02:59.664,1953.1708015160993,235971232776.56662,9897114296.638594,2026-03-03 01:20:38.901528
ethereum,2026-02-22 17:02:08.352,1951.8442696725476,235579039306.5478,8733182928.733175,2026-03-03 01:20:38.901530
ethereum,2026-02-22 18:02:28.363,1939.2812510700537,234189278610.2861,11362298759.567492,2026-03-03 01:20:38.901532
ethereum,2026-02-22 19:02:25.596,1942.4102539862547,234430310201.8225,9392069058.786076,2026-03-03 01:20:38.901533
ethereum,2026-02-22 20:00:19.870,1943.0345099669735,234539363985.90634,8352798768.940571,2026-03-03 01:20:38.901533
ethereum,2026-02-22 21:03:00.370,1940.4773556918199,234219596126.90836,9202423320.345516,2026-03-03 01:20:38.901534
ethereum,2026-02-22 22:02:31.660,1949.7022295897425,235342254452.22467,9256500116.059309,2026-03-03 01:20:38.901535
ethereum,2026-02-22 23:02:43.592,1958.2967396366812,236313520353.7089,9243353029.149193,2026-03-03 01:20:38.901536
ethereum,2026-02-23 00:03:14.177,1957.1703262938045,236181792286.31143,9944612072.892195,2026-03-03 01:20:38.901537
ethereum,2026-02-23 01:02:43.201,1929.4306046910635,233708911361.08405,14699607253.662361,2026-03-03 01:20:38.901538
ethereum,2026-02-23 02:03:34.251,1856.8383496432468,224861810502.89932,13454594616.852829,2026-03-03 01:20:38.901538
ethereum,2026-02-23 03:03:08.654,1862.9173693224284,224717155724.23737,14016696246.74462,2026-03-03 01:20:38.901539
ethereum,2026-02-23 04:02:17.503,1863.3406215858283,225007038529.73068,21564624369.01653,2026-03-03 01:20:38.901540
ethereum,2026-02-23 05:03:05.417,1859.6399105179653,224348681231.43344,15880809903.653936,2026-03-03 01:20:38.901543
ethereum,2026-02-23 06:02:35.631,1865.1180234717524,224984313381.26645,13913370526.222818,2026-03-03 01:20:38.901543
ethereum,2026-02-23 07:03:44.073,1879.258384808212,226824132623.83786,15447764589.966139,2026-03-03 01:20:38.901544
ethereum,2026-02-23 08:02:02.931,1884.7094186083104,227458867330.33627,24136511098.690025,2026-03-03 01:20:38.901545
ethereum,2026-02-23 09:03:09.236,1880.4804393732536,226767230212.79953,17114059505.073929,2026-03-03 01:20:38.901546
ethereum,2026-02-23 10:00:47.953,1915.7399235205746,231168198986.86063,17300005961.83289,2026-03-03 01:20:38.901547
ethereum,2026-02-23 11:03:05.070,1913.6632440215988,231183275286.77335,27302256744.37498,2026-03-03 01:20:38.901548
ethereum,2026-02-23 12:02:06.550,1914.3817745890915,231044203983.3244,19052100720.59458,2026-03-03 01:20:38.901548
ethereum,2026-02-23 13:00:22.482,1919.9220408939748,231835860483.25055,28666502681.24267,2026-03-03 01:20:38.901549
ethereum,2026-02-23 14:02:11.295,1921.3509028868352,231944925264.2163,28977458473.167194,2026-03-03 01:20:38.901550
ethereum,2026-02-23 15:00:32.466,1906.0010004073501,230116343366.26746,20288709442.958237,2026-03-03 01:20:38.901551
ethereum,2026-02-23 16:03:09.750,1895.38050224663,228978041813.6572,30033112113.837025,2026-03-03 01:20:38.901552
ethereum,2026-02-23 17:03:26.231,1884.7520391438322,227473074121.09433,19919873688.966854,2026-03-03 01:20:38.901553
ethereum,2026-02-23 18:02:12.312,1862.596740998266,223951431180.13895,21079650187.48772,2026-03-03 01:20:38.901553
ethereum,2026-02-23 19:03:03.599,1857.785798878113,224384608673.1513,28677968486.89204,2026-03-03 01:20:38.901554
ethereum,2026-02-23 20:01:24.417,1857.172584980417,224096552864.2656,21150982561.286922,2026-03-03 01:20:38.901555
ethereum,2026-02-23 21:03:21.509,1860.5229739536535,224526224267.73636,23471497234.9348,2026-03-03 01:20:38.901556
ethereum,2026-02-23 22:03:09.937,1863.4881808436712,224851135670.5042,30901783737.370213,2026-03-03 01:20:38.901557
ethereum,2026-02-23 23:02:01.089,1860.6527252865442,224521237779.47705,23592158490.76244,2026-03-03 01:20:38.901558
ethereum,2026-02-24 00:03:00.467,1856.0865425737416,224002080681.27667,31291472200.3876,2026-03-03 01:20:38.901558
ethereum,2026-02-24 01:00:07.330,1867.3614077380364,225474959478.68854,23473924447.607887,2026-03-03 01:20:38.901561
ethereum,2026-02-24 02:03:12.034,1840.6193449217726,222313610156.76584,21188697741.912,2026-03-03 01:20:38.901562
ethereum,2026-02-24 03:02:05.989,1842.4218712299764,222494595390.30356,22552360470.98618,2026-03-03 01:20:38.901563
ethereum,2026-02-24 04:02:31.336,1831.152067652739,220945094804.78732,23350886776.09184,2026-03-03 01:20:38.901564
ethereum,2026-02-24 05:00:42.461,1829.4484347539592,220666207267.9055,21761847055.307037,2026-03-03 01:20:38.901564
ethereum,2026-02-24 06:03:00.623,1825.4637768206599,220375165761.48187,20580492857.502865,2026-03-03 01:20:38.901565
ethereum,2026-02-24 07:02:08.470,1820.3049214613786,219661319285.83392,20792561018.05954,2026-03-03 01:20:38.901566
ethereum,2026-02-24 08:02:32.138,1824.7085469283486,220175263183.02692,21309143311.73391,2026-03-03 01:20:38.901567
ethereum,2026-02-24 09:03:17.296,1831.5258721883592,220992857099.66504,20532482962.21588,2026-03-03 01:20:38.901568
ethereum,2026-02-24 10:02:58.634,1826.1947851164248,220108956023.3203,26032871712.632637,2026-03-03 01:20:38.901569
ethereum,2026-02-24 11:03:09.187,1826.0898747080164,220367916157.26123,26765220613.053524,2026-03-03 01:20:38.901569
ethereum,2026-02-24 12:03:35.054,1825.4441178078857,220091721331.46817,20761404584.929565,2026-03-03 01:20:38.901572
ethereum,2026-02-24 13:02:17.795,1823.8290550884683,220165750934.14966,25395160134.69865,2026-03-03 01:20:38.901573
ethereum,2026-02-24 14:02:50.027,1815.540773781631,219202066888.84827,19636198035.739403,2026-03-03 01:20:38.901574
ethereum,2026-02-24 15:02:36.035,1834.345996626769,221483163175.30878,20321532765.875607,2026-03-03 01:20:38.901575
ethereum,2026-02-24 16:01:28.789,1846.8067762244266,222743376615.19827,19623858698.086304,2026-03-03 01:20:38.901575
ethereum,2026-02-24 17:03:41.989,1857.7082796933682,223979053754.91678,18833565287.77358,2026-03-03 01:20:38.901576
ethereum,2026-02-24 18:02:39.787,1855.3931917429525,224072533171.53018,20422383545.22474,2026-03-03 01:20:38.901577
ethereum,2026-02-24 19:02:18.139,1855.4573164008305,224003460112.0413,20011484342.947315,2026-03-03 01:20:38.901578
ethereum,2026-02-24 20:02:05.985,1852.5525527486398,223591691238.95398,19814710621.040714,2026-03-03 01:20:38.901581
ethereum,2026-02-24 21:03:29.800,1858.156777874861,224192108255.34906,18750972950.584797,2026-03-03 01:20:38.901581
ethereum,2026-02-24 22:02:46.334,1853.9408409881123,223769846717.48126,24101412803.563053,2026-03-03 01:20:38.901582
ethereum,2026-02-24 23:02:58.481,1860.079387734821,224550885695.57108,19498501374.643547,2026-03-03 01:20:38.901583
ethereum,2026-02-25 00:03:20.975,1852.3070263287166,223560491838.9859,19489631875.533546,2026-03-03 01:20:38.901584
ethereum,2026-02-25 01:01:55.347,1851.9885669432592,223676118725.717,19444550848.964664,2026-03-03 01:20:38.901585
ethereum,2026-02-25 02:03:45.502,1919.53105504706,231517402746.702,25314867012.09846,2026-03-03 01:20:38.901585
ethereum,2026-02-25 03:02:16.637,1921.753528020021,232080414185.5644,27775841856.898487,2026-03-03 01:20:38.901586
ethereum,2026-02-25 04:02:49.488,1906.095695434137,230029560993.07315,19743551208.213142,2026-03-03 01:20:38.901587
ethereum,2026-02-25 05:01:56.788,1906.1810829312296,230074294933.0473,26871462891.22394,2026-03-03 01:20:38.901588
ethereum,2026-02-25 06:02:24.674,1888.21796061732,227893408428.21054,22506682942.610077,2026-03-03 01:20:38.901589
ethereum,2026-02-25 07:02:06.323,1884.9456190197207,227498461925.3319,21963804849.85405,2026-03-03 01:20:38.901590
ethereum,2026-02-25 08:01:10.020,1892.8721604133477,228483669076.5158,19863546078.12911,2026-03-03 01:20:38.901590
ethereum,2026-02-25 09:01:54.604,1910.069073103448,230641795984.28738,19580660154.677742,2026-03-03 01:20:38.901591
ethereum,2026-02-25 10:02:36.143,1914.882538616803,231111618238.38278,18777381480.77022,2026-03-03 01:20:38.901592
ethereum,2026-02-25 11:02:38.619,1911.9700246596226,230692121578.4206,18655167115.417706,2026-03-03 01:20:38.901593
ethereum,2026-02-25 12:02:57.656,1925.2912897606402,232017721055.43723,18959745073.975746,2026-03-03 01:20:38.901594
ethereum,2026-02-25 13:03:11.612,1952.0298405095011,235592283972.53845,23245255084.372524,2026-03-03 01:20:38.901595
ethereum,2026-02-25 14:02:31.295,1965.3515526806411,237065674636.59735,19283783780.576015,2026-03-03 01:20:38.901595
ethereum,2026-02-25 15:02:54.380,1996.5178836191728,240346831886.88107,20191509126.61023,2026-03-03 01:20:38.901596
ethereum,2026-02-25 16:01:23.619,2012.523738231398,243232174998.079,20924238084.71801,2026-03-03 01:20:38.901601
ethereum,2026-02-25 17:03:02.166,2046.2561908899327,246983961940.70258,21384828332.993065,2026-03-03 01:20:38.901601
ethereum,2026-02-25 18:00:55.582,2072.7061479980907,250132939306.25034,22143836091.410305,2026-03-03 01:20:38.901603
ethereum,2026-02-25 19:03:45.116,2074.246052685027,250383168470.58167,27443220250.253525,2026-03-03 01:20:38.901604
ethereum,2026-02-25 20:02:54.539,2071.5790029843306,249997401289.762,23711925993.766605,2026-03-03 01:20:38.901605
ethereum,2026-02-25 21:02:39.679,2075.190140873952,250998947144.05994,24605136682.167667,2026-03-03 01:20:38.901605
ethereum,2026-02-25 22:00:24.416,2099.1576440072604,253482642902.62048,27292378343.812057,2026-03-03 01:20:38.901606
ethereum,2026-02-25 23:03:02.656,2082.8637276325508,251214338588.3453,27532647557.004257,2026-03-03 01:20:38.901607
ethereum,2026-02-26 00:03:02.165,2055.9340395037652,248046677919.11807,28252343561.756374,2026-03-03 01:20:38.901608
ethereum,2026-02-26 01:03:03.706,2062.7489674511176,248909977869.35376,28096526895.73559,2026-03-03 01:20:38.901609
ethereum,2026-02-26 02:02:46.634,2058.998029780922,248627494306.9505,28523922111.63998,2026-03-03 01:20:38.901610
ethereum,2026-02-26 03:02:52.901,2053.6357477023835,247932800010.76175,27949882179.233295,2026-03-03 01:20:38.901611
ethereum,2026-02-26 04:02:35.638,2054.457965981186,248083069864.0389,27771690585.699345,2026-03-03 01:20:38.901611
ethereum,2026-02-26 05:00:25.695,2075.509450908795,250709781199.5731,28026888557.08521,2026-03-03 01:20:38.901612
ethereum,2026-02-26 06:01:25.451,2065.929580480561,249364417007.73846,28295773960.143654,2026-03-03 01:20:38.901615
ethereum,2026-02-26 07:03:19.031,2062.740024613253,249052647520.01862,31697083744.566204,2026-03-03 01:20:38.901616
ethereum,2026-02-26 08:02:34.416,2054.0280346895643,247904966429.43854,30919477717.375996,2026-03-03 01:20:38.901617
ethereum,2026-02-26 09:02:45.464,2054.2301441273476,247933161019.83765,31869496706.475906,2026-03-03 01:20:38.901617
ethereum,2026-02-26 10:04:00.519,2074.942822225037,250407075789.8398,31218068065.587032,2026-03-03 01:20:38.901618
ethereum,2026-02-26 11:03:12.048,2065.349842467223,249285799894.36426,31344354001.246807,2026-03-03 01:20:38.901621
ethereum,2026-02-26 12:03:23.935,2057.3142774761563,248301674975.90894,31428929738.619495,2026-03-03 01:20:38.901622
ethereum,2026-02-26 13:02:40.908,2069.6740399329215,249801595764.1795,30564118259.24344,2026-03-03 01:20:38.901622
ethereum,2026-02-26 14:01:34.991,2065.437236103486,249241801149.78998,30441336070.751415,2026-03-03 01:20:38.901623
ethereum,2026-02-26 15:02:37.094,2050.9931733488725,247449673688.1929,30269338667.95796,2026-03-03 01:20:38.901624
ethereum,2026-02-26 16:02:37.518,2033.1105460582464,245198906756.9601,29620185370.639645,2026-03-03 01:20:38.901625
ethereum,2026-02-26 17:02:17.084,1984.0015289223547,239775265231.4781,29335458861.885498,2026-03-03 01:20:38.901626
ethereum,2026-02-26 18:02:57.782,1989.0092936814744,239888220637.09674,28675679576.022945,2026-03-03 01:20:38.901627
ethereum,2026-02-26 19:02:27.890,2004.363420649569,241873445318.23392,27882324909.82149,2026-03-03 01:20:38.901628
ethereum,2026-02-26 20:03:08.337,2029.7276988999367,245039462121.5573,28114745983.322018,2026-03-03 01:20:38.901628
ethereum,2026-02-26 21:02:42.731,2024.4768337416401,244377394653.50397,28210375141.245823,2026-03-03 01:20:38.901629
ethereum,2026-02-26 22:02:14.266,2030.0443089582736,245135899101.52875,24691457947.851097,2026-03-03 01:20:38.901630
ethereum,2026-02-26 23:02:59.358,2033.1196429718525,245395623858.30908,24859258659.097763,2026-03-03 01:20:38.901631
ethereum,2026-02-27 00:02:40.756,2027.030503110541,244629911786.0361,22827212956.05201,2026-03-03 01:20:38.901632
ethereum,2026-02-27 01:04:07.049,2014.327524509516,242972345097.45856,22935878633.648193,2026-03-03 01:20:38.901632
ethereum,2026-02-27 02:03:09.004,2020.9964344889793,243841647239.6505,23353167768.40623,2026-03-03 01:20:38.901633
ethereum,2026-02-27 03:04:11.740,2026.7613478582107,244679637524.5218,22474491763.438194,2026-03-03 01:20:38.901634
ethereum,2026-02-27 04:03:12.200,2045.8664301240738,246959608542.06683,21996135796.147648,2026-03-03 01:20:38.901635
ethereum,2026-02-27 05:02:43.272,2042.4120203480315,246659533390.3936,21732787051.572304,2026-03-03 01:20:38.901636
ethereum,2026-02-27 06:03:34.670,2041.5707876914712,246379391661.75903,21977774474.974384,2026-03-03 01:20:38.901637
ethereum,2026-02-27 07:03:05.857,2036.4337980756063,245785228397.30054,21906074802.07021,2026-03-03 01:20:38.901639
ethereum,2026-02-27 08:03:13.646,2032.1645432547161,245132257496.27167,22122985982.096745,2026-03-03 01:20:38.901640
ethereum,2026-02-27 09:03:31.467,2033.7414257589796,245423764381.72812,21890807243.48089,2026-03-03 01:20:38.901641
ethereum,2026-02-27 10:03:48.247,2010.8218052210652,243016818629.66858,22078245450.304325,2026-03-03 01:20:38.901642
ethereum,2026-02-27 11:01:08.598,1981.595339136518,239118995674.82376,22344442794.903183,2026-03-03 01:20:38.901643
ethereum,2026-02-27 12:01:59.336,1962.7657240180881,236904141339.39664,23804336352.116142,2026-03-03 01:20:38.901644
ethereum,2026-02-27 13:02:23.147,1958.2903132398972,236170837154.69934,23497783318.260674,2026-03-03 01:20:38.901644
ethereum,2026-02-27 14:02:51.609,1962.5240579701265,236905937229.44214,24193411475.004337,2026-03-03 01:20:38.901645
ethereum,2026-02-27 15:03:56.309,1950.0334917646994,234470942712.4063,24326932705.484573,2026-03-03 01:20:38.901646
ethereum,2026-02-27 16:02:11.287,1948.5727859676952,235182568515.89514,22051774036.758266,2026-03-03 01:20:38.901647
ethereum,2026-02-27 17:04:34.731,1928.8861188061046,232874658318.77145,22552497993.549717,2026-03-03 01:20:38.901648
ethereum,2026-02-27 18:03:05.080,1931.3585571214733,232940951527.65414,22583774313.808186,2026-03-03 01:20:38.901649
ethereum,2026-02-27 19:03:26.542,1917.5726463536362,231393411608.67654,20973208458.61811,2026-03-03 01:20:38.901649
ethereum,2026-02-27 20:03:01.965,1921.1925468892364,231979242001.38342,20749164418.501984,2026-03-03 01:20:38.901650
ethereum,2026-02-27 21:03:23.811,1923.0111109605668,232092571547.0355,20098855899.615997,2026-03-03 01:20:38.901651
ethereum,2026-02-27 22:02:14.314,1921.1590910526822,231619008189.92438,18545864776.963573,2026-03-03 01:20:38.901652
ethereum,2026-02-27 23:01:03.335,1920.7309281495095,231675725865.19485,20818283405.24531,2026-03-03 01:20:38.901653
ethereum,2026-02-28 00:00:53.777,1930.3127956976182,233021374392.62512,21549970760.54512,2026-03-03 01:20:38.901653
ethereum,2026-02-28 01:03:28.174,1932.3958115360583,233330918767.7136,20680000323.105923,2026-03-03 01:20:38.901656
ethereum,2026-02-28 02:03:06.603,1925.2809180169688,232612699463.35956,20697997618.731903,2026-03-03 01:20:38.901659
ethereum,2026-02-28 03:01:23.855,1930.6228092941785,232967032312.8103,19752335451.886066,2026-03-03 01:20:38.901660
ethereum,2026-02-28 04:03:19.781,1924.0922832968029,232244793591.17392,26227595235.135532,2026-03-03 01:20:38.901661
ethereum,2026-02-28 05:02:40.541,1925.0707292480654,232399693257.80188,19634492594.992283,2026-03-03 01:20:38.901662
ethereum,2026-02-28 06:01:32.218,1919.1868794064203,231629601845.24878,18758331141.824654,2026-03-03 01:20:38.901662
ethereum,2026-02-28 07:02:50.477,1841.2881843632538,222489196468.52234,28660742123.85751,2026-03-03 01:20:38.901663
ethereum,2026-02-28 08:02:56.863,1866.4022356143162,225412128096.10605,28586412433.17756,2026-03-03 01:20:38.901664
ethereum,2026-02-28 09:02:06.602,1851.421809652515,223439329060.51584,22121691937.344326,2026-03-03 01:20:38.901665
ethereum,2026-02-28 10:02:37.199,1854.8038149197955,223952831622.39963,21894067932.01384,2026-03-03 01:20:38.901666
ethereum,2026-02-28 11:03:20.071,1865.6422541289032,225022116407.88412,20809358108.60678,2026-03-03 01:20:38.901667
ethereum,2026-02-28 12:02:06.454,1864.187480420202,225228156788.44696,22571540677.249207,2026-03-03 01:20:38.901667
ethereum,2026-02-28 13:02:49.844,1868.6729355865639,225545656793.5989,20363963023.007988,2026-03-03 01:20:38.901668
ethereum,2026-02-28 14:02:17.415,1902.1933985407954,229116099944.5412,21369940727.561695,2026-03-03 01:20:38.901669
ethereum,2026-02-28 15:02:52.951,1888.7367012505224,227750883659.28268,20331979790.475643,2026-03-03 01:20:38.901670
ethereum,2026-02-28 16:02:33.526,1898.7881415695729,229131519343.8541,19832093249.511112,2026-03-03 01:20:38.901671
ethereum,2026-02-28 17:02:15.815,1904.2723599816459,229850230918.46948,19062611793.072304,2026-03-03 01:20:38.901672
ethereum,2026-02-28 18:02:17.978,1906.6632408610576,230044243685.89404,18952334888.435394,2026-03-03 01:20:38.901672
ethereum,2026-02-28 19:02:39.536,1936.5265572482924,233854892158.5445,19605480991.967472,2026-03-03 01:20:38.901673
ethereum,2026-02-28 20:02:29.860,1946.6841798157511,234763567769.5526,20932186292.10135,2026-03-03 01:20:38.901674
ethereum,2026-02-28 21:02:40.962,1966.402666640805,237321415052.76825,21616871205.441975,2026-03-03 01:20:38.901675
ethereum,2026-02-28 22:01:28.735,1958.2340466195976,236092377308.9765,21582352691.000076,2026-03-03 01:20:38.901678
ethereum,2026-02-28 23:02:14.194,1967.8003921472757,237479778327.07358,22655545443.614227,2026-03-03 01:20:38.901679
ethereum,2026-03-01 00:00:31.493,1964.8431484232042,237132846286.00015,22296266706.368652,2026-03-03 01:20:38.901680
ethereum,2026-03-01 01:02:43.205,1962.8061325943845,236963780603.75406,21680644470.541245,2026-03-03 01:20:38.901681
ethereum,2026-03-01 02:00:10.869,2005.163426724106,241939130979.50702,22812258803.139114,2026-03-03 01:20:38.901682
ethereum,2026-03-01 03:04:07.601,2034.1333844837945,245549306546.52325,25096396670.67728,2026-03-03 01:20:38.901683
ethereum,2026-03-01 04:02:34.643,2023.5565790765372,243873521912.19498,25795811078.147346,2026-03-03 01:20:38.901684
ethereum,2026-03-01 05:03:16.087,2016.227848205158,243239980322.62518,27445854258.24058,2026-03-03 01:20:38.901684
ethereum,2026-03-01 06:03:29.856,2011.1408066839592,242737001204.44092,25242984973.647205,2026-03-03 01:20:38.901685
ethereum,2026-03-01 07:00:10.699,1999.0888151575637,241245753986.31592,25830146272.6397,2026-03-03 01:20:38.901686
ethereum,2026-03-01 08:02:41.007,2007.017766763457,242062585223.4181,23121684639.998394,2026-03-03 01:20:38.901687
ethereum,2026-03-01 09:02:59.825,1986.0925345737064,239541252141.45877,24119394203.508713,2026-03-03 01:20:38.901688
ethereum,2026-03-01 10:03:56.116,1980.8223585292903,239045948851.9954,23643237018.962013,2026-03-03 01:20:38.901689
ethereum,2026-03-01 11:02:32.585,1984.7004524034205,239451927162.16068,24026228853.6246,2026-03-03 01:20:38.901689
ethereum,2026-03-01 12:02:05.598,1983.6106960733432,239503758322.693,23167547987.433247,2026-03-03 01:20:38.901690
ethereum,2026-03-01 13:03:10.739,1978.6890977374528,238742065723.6093,22214816142.205017,2026-03-03 01:20:38.901691
ethereum,2026-03-01 14:01:23.449,2008.2875597987543,242741673730.75095,23200535107.614716,2026-03-03 01:20:38.901692
ethereum,2026-03-01 15:03:08.939,2001.1891766308695,241472528815.60468,23190509678.248684,2026-03-03 01:20:38.901693
ethereum,2026-03-01 16:04:33.147,1991.3290328504768,241553236619.8719,21843811372.989666,2026-03-03 01:20:38.901694
ethereum,2026-03-01 17:04:05.665,1971.6462824069931,238237737895.628,16842264804.885754,2026-03-03 01:20:38.901696
ethereum,2026-03-01 18:02:25.179,1963.7633037243756,237436224694.1094,22921514102.954376,2026-03-03 01:20:38.901697
ethereum,2026-03-01 19:00:41.362,1975.6073790809373,238445426611.3664,20317447623.14618,2026-03-03 01:20:38.901700
ethereum,2026-03-01 20:00:23.704,1953.9825728771195,235756195997.88605,22481487634.666935,2026-03-03 01:20:38.901701
ethereum,2026-03-01 21:02:42.486,1914.3873101275508,230792790650.5475,22589372565.26907,2026-03-03 01:20:38.901702
ethereum,2026-03-01 22:02:39.017,1930.0957345393858,232879135183.319,22485562468.563633,2026-03-03 01:20:38.901702
ethereum,2026-03-01 23:03:17.728,1923.0581714968055,232508818269.7662,22967395883.174007,2026-03-03 01:20:38.901703
ethereum,2026-03-02 00:03:02.648,1939.095764166877,233938159880.58466,23561863356.052166,2026-03-03 01:20:38.901704
ethereum,2026-03-02 01:01:39.303,1960.9700191183363,236677282278.8701,23495765308.09064,2026-03-03 01:20:38.901705
ethereum,2026-03-02 02:02:27.332,1964.0726940832183,237257122899.4836,22620817777.2267,2026-03-03 01:20:38.901706
ethereum,2026-03-02 03:02:13.695,1955.9338433943637,236220478730.59158,22209980313.63439,2026-03-03 01:20:38.901706
ethereum,2026-03-02 04:02:08.799,1972.3304157729185,238054794899.35486,20878568752.132534,2026-03-03 01:20:38.901707
ethereum,2026-03-02 05:02:05.140,1972.2880812145045,237898483792.16068,21746690708.570305,2026-03-03 01:20:38.901708
ethereum,2026-03-02 06:02:04.164,1971.6119722002986,238398483885.81848,21859751586.95767,2026-03-03 01:20:38.901709
ethereum,2026-03-02 07:02:02.110,1943.9143350284994,234679400528.84396,20627268589.317307,2026-03-03 01:20:38.901710
ethereum,2026-03-02 08:02:02.485,1940.2574797423551,234219488927.82062,20931904355.09717,2026-03-03 01:20:38.901711
ethereum,2026-03-02 09:01:26.376,1947.1588763386555,234879249407.91217,21919706779.361366,2026-03-03 01:20:38.901711
ethereum,2026-03-02 10:02:44.348,1947.8575023942249,235406596051.52444,21315092341.745037,2026-03-03 01:20:38.901712
ethereum,2026-03-02 11:02:16.655,1950.4456036498852,235135687743.34058,21298719373.74988,2026-03-03 01:20:38.901713
ethereum,2026-03-02 12:02:54.454,1947.3576094368823,235012396811.20926,20999106154.64873,2026-03-03 01:20:38.901714
ethereum,2026-03-02 13:02:25.230,1937.8858402214762,233920813839.59424,20787740502.46468,2026-03-03 01:20:38.901717
ethereum,2026-03-02 14:03:37.093,1926.8558916447564,232223926514.34543,20664167935.45658,2026-03-03 01:20:38.901717
ethereum,2026-03-02 15:03:04.599,1977.9437387960024,238338733481.54404,22764262480.20515,2026-03-03 01:20:38.901718
ethereum,2026-03-02 16:03:10.891,2047.0948360727766,246894509437.93634,26044893093.218094,2026-03-03 01:20:38.901719
ethereum,2026-03-02 17:02:50.913,2065.0359067698546,249057316810.86423,27141114851.84867,2026-03-03 01:20:38.901720
ethereum,2026-03-02 18:02:35.322,2040.4321367104928,246327109059.00818,27045084133.697258,2026-03-03 01:20:38.901721
ethereum,2026-03-02 19:03:55.029,2029.5122938125978,244927776575.21622,26648734005.111282,2026-03-03 01:20:38.901722
ethereum,2026-03-02 20:03:07.429,2042.1836608024716,246424701078.76624,26555528904.659084,2026-03-03 01:20:38.901722
ethereum,2026-03-02 21:01:17.735,2039.1948725123436,246475143908.23438,26591033962.40578,2026-03-03 01:20:38.901723
ethereum,2026-03-02 22:03:19.726,2043.8467875819167,246670489110.73492,26805468335.90576,2026-03-03 01:20:38.901724
ethereum,2026-03-02 23:02:41.829,2052.1195070665794,247688509777.01474,25837232104.430748,2026-03-03 01:20:38.901725
ethereum,2026-03-03 00:03:26.188,2027.3986070004544,244715081493.1851,25974880722.79558,2026-03-03 01:20:38.901726
ethereum,2026-03-03 01:20:36.000,2033.0932348885044,245796171392.96103,26900120699.290283,2026-03-03 01:20:38.901726
solana,2026-02-01 02:01:36.885,104.84263173499839,59345433577.14564,10350087840.221567,2026-03-03 01:20:39.012241
solana,2026-02-01 03:03:56.289,105.53059065111907,59765356804.61755,10212651975.9803,2026-03-03 01:20:39.012244
solana,2026-02-01 04:02:48.042,104.82929370735101,59356934430.94272,10205716263.351206,2026-03-03 01:20:39.012245
solana,2026-02-01 05:01:55.276,105.19984763271835,59585868021.68994,10177856350.459312,2026-03-03 01:20:39.012246
solana,2026-02-01 06:02:49.435,104.61371643947285,59224296392.535286,10237037293.192875,2026-03-03 01:20:39.012247
solana,2026-02-01 07:01:22.409,104.99774218507548,59473878951.49301,10153965526.39336,2026-03-03 01:20:39.012248
solana,2026-02-01 08:02:16.940,105.31350509419228,59666390661.63575,10427479530.27342,2026-03-03 01:20:39.012249
solana,2026-02-01 09:02:20.917,105.38828643316299,59717335671.424675,9809916893.42924,2026-03-03 01:20:39.012249
solana,2026-02-01 10:01:23.902,105.53425568850204,59735653853.76886,9916368617.91532,2026-03-03 01:20:39.012250
solana,2026-02-01 11:01:07.187,104.05381298844435,58994208631.7513,10104640523.51119,2026-03-03 01:20:39.012251
solana,2026-02-01 12:01:03.624,104.95433464543626,59436148124.92458,9786274577.92814,2026-03-03 01:20:39.012252
solana,2026-02-01 13:01:24.787,104.77396627212465,59251201441.830986,9990000999.566042,2026-03-03 01:20:39.012253
solana,2026-02-01 14:01:28.968,104.40157424859882,59151615436.4793,9993284267.779512,2026-03-03 01:20:39.012254
solana,2026-02-01 15:02:18.243,102.88412960919612,58287671853.92821,9354493412.683996,2026-03-03 01:20:39.012255
solana,2026-02-01 16:01:53.221,101.59309380171858,57545604560.13654,9268006495.068277,2026-03-03 01:20:39.012255
solana,2026-02-01 17:02:09.647,101.62829624697004,57554620209.35676,8785316057.754253,2026-03-03 01:20:39.012256
solana,2026-02-01 18:02:18.272,102.13501643539725,57702391373.11317,7535701970.284667,2026-03-03 01:20:39.012257
solana,2026-02-01 19:01:34.498,103.1774480433673,58380685823.043945,6578847071.103302,2026-03-03 01:20:39.012258
solana,2026-02-01 20:01:06.931,101.85130291063535,57675211299.49465,5784960748.669873,2026-03-03 01:20:39.012259
solana,2026-02-01 21:01:27.373,101.51947160069076,57518483055.5369,5692071734.131176,2026-03-03 01:20:39.012260
solana,2026-02-01 22:01:53.772,100.96685609615037,57204330905.50949,5649576511.065398,2026-03-03 01:20:39.012260
solana,2026-02-01 23:02:47.480,101.67570098957134,57682169890.012535,5653778865.662374,2026-03-03 01:20:39.012261
solana,2026-02-02 00:01:42.007,100.80558998448616,57089506468.935936,5944386424.905591,2026-03-03 01:20:39.012262
solana,2026-02-02 01:02:31.492,102.17472178713015,57928396636.48218,6161348525.606466,2026-03-03 01:20:39.012263
solana,2026-02-02 02:00:52.208,102.11502911271043,57849908132.403824,6320968686.913289,2026-03-03 01:20:39.012264
solana,2026-02-02 03:02:18.663,100.73594667129281,57063424931.04271,6409372384.459554,2026-03-03 01:20:39.012265
solana,2026-02-02 04:02:26.823,99.76596563072235,56469215144.00667,6839130953.471517,2026-03-03 01:20:39.012270
solana,2026-02-02 05:02:16.561,100.35737154572189,56877323995.86561,7446786833.999462,2026-03-03 01:20:39.012271
solana,2026-02-02 06:03:22.724,98.18411795354793,55576343042.72781,7718408804.428814,2026-03-03 01:20:39.012271
solana,2026-02-02 07:02:37.518,100.35112142749207,56757238100.67724,8337239296.536069,2026-03-03 01:20:39.012272
solana,2026-02-02 08:03:47.581,101.47414971250922,57559261652.70937,8605506731.06665,2026-03-03 01:20:39.012273
solana,2026-02-02 09:02:52.786,101.73992868684074,57669116736.60122,8777381770.164839,2026-03-03 01:20:39.012274
solana,2026-02-02 10:02:53.798,102.7338020969395,58223371311.36297,9053010338.472933,2026-03-03 01:20:39.012275
solana,2026-02-02 11:02:57.569,102.7485434003538,58181485719.327675,9014722204.684784,2026-03-03 01:20:39.012276
solana,2026-02-02 12:03:04.024,102.85297168358642,58261613605.47784,9045610170.254707,2026-03-03 01:20:39.012276
solana,2026-02-02 13:02:54.598,103.16094750533983,58411124094.20726,9083808537.548203,2026-03-03 01:20:39.012277
solana,2026-02-02 14:03:24.802,103.19751241961097,58417411987.29091,8999848798.032587,2026-03-03 01:20:39.012278
solana,2026-02-02 15:02:40.165,103.99272825835207,58985383006.146545,8950092655.594147,2026-03-03 01:20:39.012279
solana,2026-02-02 16:02:45.460,104.61726920390994,59393102093.76242,9106682761.120335,2026-03-03 01:20:39.012280
solana,2026-02-02 17:04:08.959,104.98080872098521,59476227746.05712,8982694299.742592,2026-03-03 01:20:39.012280
solana,2026-02-02 18:02:57.908,104.69555786844286,59310220345.477684,8966365827.523333,2026-03-03 01:20:39.012281
solana,2026-02-02 19:00:10.294,104.47741418501151,59122056708.686905,8855788432.902134,2026-03-03 01:20:39.012282
solana,2026-02-02 20:02:43.090,103.77545460755256,58750136671.3987,8902382502.355995,2026-03-03 01:20:39.012283
solana,2026-02-02 21:02:37.640,103.72875505385909,58707582657.46277,8780113565.563896,2026-03-03 01:20:39.012284
solana,2026-02-02 22:03:16.448,104.76628607822458,59335857187.764984,8594695273.48332,2026-03-03 01:20:39.012284
solana,2026-02-02 23:00:40.651,104.86252177451962,59398638515.482605,8451194977.289546,2026-03-03 01:20:39.012287
solana,2026-02-03 00:02:27.683,104.42228017075995,59165362106.79579,7758675181.325703,2026-03-03 01:20:39.012288
solana,2026-02-03 01:01:56.152,103.9007490793674,58834893613.893776,7520321901.897309,2026-03-03 01:20:39.012289
solana,2026-02-03 02:02:32.448,104.13515262566241,58965524067.951675,7322048013.06376,2026-03-03 01:20:39.012290
solana,2026-02-03 03:02:32.687,102.53027394187802,58157411330.842224,7169715040.025779,2026-03-03 01:20:39.012290
solana,2026-02-03 04:01:58.750,103.9757221932866,58868051010.51162,6537913071.007033,2026-03-03 01:20:39.012291
solana,2026-02-03 05:03:12.375,104.60168303295013,59297061843.576675,6190045340.677822,2026-03-03 01:20:39.012292
solana,2026-02-03 06:04:25.010,103.7713726091726,58849760323.69312,5799344839.713857,2026-03-03 01:20:39.012293
solana,2026-02-03 07:01:09.485,103.89468141366913,58822147505.99622,5199355866.601325,2026-03-03 01:20:39.012298
solana,2026-02-03 08:01:14.014,104.56750032801696,59234387419.642715,4858525986.95089,2026-03-03 01:20:39.012299
solana,2026-02-03 09:03:43.238,104.12038053636265,58973476596.56296,4721539662.021121,2026-03-03 01:20:39.012299
solana,2026-02-03 10:01:30.688,103.07106465001453,58395695697.11868,4304563343.9223175,2026-03-03 01:20:39.012300
solana,2026-02-03 11:00:18.871,102.69947490674566,58171987458.90778,4204460625.1145234,2026-03-03 01:20:39.012301
solana,2026-02-03 12:00:51.928,103.06834730788725,58383157886.01421,4261319271.397737,2026-03-03 01:20:39.012302
solana,2026-02-03 13:02:52.514,103.08015031501284,58426113499.3642,4212032506.2511206,2026-03-03 01:20:39.012303
solana,2026-02-03 14:02:29.385,103.27347803411243,58494726858.78842,4444657003.594105,2026-03-03 01:20:39.012304
solana,2026-02-03 15:02:10.233,101.17287873590556,57514408137.81235,4257873470.34824,2026-03-03 01:20:39.012304
solana,2026-02-03 16:01:49.419,102.19978539907284,57888929619.11507,4249469985.164164,2026-03-03 01:20:39.012305
solana,2026-02-03 17:00:42.271,100.80989348075347,57113646108.12836,4342954104.261688,2026-03-03 01:20:39.012306
solana,2026-02-03 18:01:48.625,99.12872735039085,56153136997.29358,4464402646.194252,2026-03-03 01:20:39.012307
solana,2026-02-03 19:02:33.958,96.89701211104062,54914993579.13135,4879060319.244859,2026-03-03 01:20:39.012308
solana,2026-02-03 20:02:18.534,98.83364159344383,55981130730.488045,5336291948.190446,2026-03-03 01:20:39.012309
solana,2026-02-03 21:02:31.107,100.77254831156543,57051041307.477234,5713185156.446805,2026-03-03 01:20:39.012310
solana,2026-02-03 22:01:17.544,100.12008894274602,56730134579.97155,5785866600.081451,2026-03-03 01:20:39.012311
solana,2026-02-03 23:01:44.877,98.52535181139574,55834933813.42273,5950039429.96658,2026-03-03 01:20:39.012312
solana,2026-02-04 00:01:23.516,97.67719332438064,55339171762.84821,6145139761.097724,2026-03-03 01:20:39.012312
solana,2026-02-04 01:02:50.567,98.23056820124549,55642470189.22314,6308503482.599975,2026-03-03 01:20:39.012313
solana,2026-02-04 02:01:41.276,98.97699643739735,56075527360.8864,6368235092.914414,2026-03-03 01:20:39.012314
solana,2026-02-04 03:02:13.956,97.65505774186708,55321209538.58373,6433141989.312183,2026-03-03 01:20:39.012315
solana,2026-02-04 04:01:13.464,99.00080695995092,56087293385.773895,6386753748.445435,2026-03-03 01:20:39.012316
solana,2026-02-04 05:01:08.029,98.0842012134865,55585021474.74953,6367747501.410847,2026-03-03 01:20:39.012316
solana,2026-02-04 06:00:53.464,97.10547455128768,55054153753.20484,6514453539.63543,2026-03-03 01:20:39.012317
solana,2026-02-04 07:01:27.604,98.18261514887438,55646596662.29142,6572702923.083274,2026-03-03 01:20:39.012331
solana,2026-02-04 08:01:32.513,97.85424138334012,55448351855.03843,6622744027.773617,2026-03-03 01:20:39.012332
solana,2026-02-04 09:01:28.673,97.48330317041183,55185695438.61033,6539474665.887064,2026-03-03 01:20:39.012333
solana,2026-02-04 10:01:11.025,97.03632609025432,54993947387.97537,6535765794.004087,2026-03-03 01:20:39.012333
solana,2026-02-04 11:01:19.650,96.87281145335822,54883786996.95117,6546992220.656748,2026-03-03 01:20:39.012334
solana,2026-02-04 12:01:03.511,96.01059714109499,54397542517.973724,6905153453.4852295,2026-03-03 01:20:39.012335
solana,2026-02-04 13:01:30.035,96.2164621441163,54495323352.328354,6945960233.524337,2026-03-03 01:20:39.012336
solana,2026-02-04 14:01:17.950,94.46992103562506,53549882314.86806,7130656604.072716,2026-03-03 01:20:39.012337
solana,2026-02-04 15:01:43.841,93.56035328309362,53076723566.578865,7425601717.094807,2026-03-03 01:20:39.012338
solana,2026-02-04 16:01:45.925,92.6184929808144,52391603610.57223,7497526156.844456,2026-03-03 01:20:39.012338
solana,2026-02-04 17:01:58.255,91.5809224877577,52050392070.94522,7706106121.334272,2026-03-03 01:20:39.012339
solana,2026-02-04 18:01:37.534,91.07143512264953,51542079119.28669,7807831550.226069,2026-03-03 01:20:39.012340
solana,2026-02-04 19:01:35.221,92.40591452324722,52411410136.71089,7742707905.196608,2026-03-03 01:20:39.012341
solana,2026-02-04 20:02:55.136,94.06605543087224,53348237248.04405,7651468182.2340765,2026-03-03 01:20:39.012342
solana,2026-02-04 21:01:39.593,93.00971132364614,52688436853.74714,7343974890.451731,2026-03-03 01:20:39.012343
solana,2026-02-04 22:00:52.663,90.84102465004192,51385823282.93504,7418913616.6693945,2026-03-03 01:20:39.012343
solana,2026-02-04 23:01:40.928,90.91427782338278,51593772713.623634,7735857422.1138,2026-03-03 01:20:39.012345
solana,2026-02-05 00:01:09.916,92.06942080497195,52277553346.25994,7816547675.383981,2026-03-03 01:20:39.012346
solana,2026-02-05 01:01:42.957,91.68003331005616,51962035172.390755,7652354080.509291,2026-03-03 01:20:39.012346
solana,2026-02-05 02:01:44.717,91.84366530153102,52033703969.49881,7740727716.796376,2026-03-03 01:20:39.012349
solana,2026-02-05 03:02:37.460,91.06933206082282,51768987182.42896,8008160399.88918,2026-03-03 01:20:39.012350
solana,2026-02-05 04:03:44.703,90.93307343833273,51488719962.543205,7932487966.988461,2026-03-03 01:20:39.012351
solana,2026-02-05 05:03:34.889,91.09044498229784,51633154641.48028,8414315675.846494,2026-03-03 01:20:39.012352
solana,2026-02-05 06:02:47.546,91.05064023969591,51620061768.37402,8623093892.56496,2026-03-03 01:20:39.012352
solana,2026-02-05 07:01:07.812,89.93995037631659,50943923860.89737,8709004100.423584,2026-03-03 01:20:39.012353
solana,2026-02-05 08:01:39.472,90.62864041050804,51406558113.506065,8844024788.122969,2026-03-03 01:20:39.012354
solana,2026-02-05 09:02:22.622,91.7113817185728,51962589550.4459,8711516996.459793,2026-03-03 01:20:39.012355
solana,2026-02-05 10:02:02.128,92.34233621635201,52317838237.51038,8861762464.347218,2026-03-03 01:20:39.012356
solana,2026-02-05 11:01:52.867,90.35082034023928,51209649254.647705,9050095195.375944,2026-03-03 01:20:39.012356
solana,2026-02-05 12:00:17.260,89.88299338363834,50970715227.70833,9011955886.671713,2026-03-03 01:20:39.012357
solana,2026-02-05 13:03:04.031,89.30008231342973,50578209916.95009,9283147400.79443,2026-03-03 01:20:39.012358
solana,2026-02-05 14:02:49.235,88.37692291411847,50081112292.59361,9275874418.616796,2026-03-03 01:20:39.012359
solana,2026-02-05 15:02:51.905,89.25846769253157,50764781887.97633,9268317442.590359,2026-03-03 01:20:39.012572
solana,2026-02-05 16:02:47.633,84.58835202267122,48006868476.55114,9680868369.10417,2026-03-03 01:20:39.012574
solana,2026-02-05 17:01:27.380,85.37995216455664,48353172079.24005,9912782104.08791,2026-03-03 01:20:39.012575
solana,2026-02-05 18:03:08.183,82.85124373741391,46980552313.44905,9940217242.614307,2026-03-03 01:20:39.012575
solana,2026-02-05 19:02:36.542,82.31743970318874,46347445641.78467,9947817245.852917,2026-03-03 01:20:39.012576
solana,2026-02-05 20:03:04.313,81.50777587995688,46204135636.20166,9833082346.657318,2026-03-03 01:20:39.012577
solana,2026-02-05 21:03:52.535,78.73838350685708,44548876077.78477,10592161537.161173,2026-03-03 01:20:39.012578
solana,2026-02-05 22:03:10.909,78.91962712282597,44717669693.134834,10950659525.105389,2026-03-03 01:20:39.012579
solana,2026-02-05 23:03:10.769,79.84741124136488,45265818211.09857,11267952120.954153,2026-03-03 01:20:39.012580
solana,2026-02-06 00:03:06.068,78.31876183201973,44462857923.66469,11375810342.667374,2026-03-03 01:20:39.012580
solana,2026-02-06 01:02:44.210,75.7586109382074,42864659884.43145,13266126686.970854,2026-03-03 01:20:39.012581
solana,2026-02-06 02:02:32.028,79.28892729749931,44812038811.914536,13787715265.660566,2026-03-03 01:20:39.012582
solana,2026-02-06 03:02:51.241,76.93640738237566,43622478590.02337,14222562018.745525,2026-03-03 01:20:39.012583
solana,2026-02-06 04:03:14.988,76.29744196428166,43178147951.12791,14349546440.46557,2026-03-03 01:20:39.012584
solana,2026-02-06 05:02:53.614,77.68390054095357,44012395406.86859,13933782440.75108,2026-03-03 01:20:39.012585
solana,2026-02-06 06:03:18.555,80.79203378820436,45630655796.05966,14633484451.304604,2026-03-03 01:20:39.012585
solana,2026-02-06 07:03:23.242,79.48202845751472,45070706133.265114,14625805672.019598,2026-03-03 01:20:39.012586
solana,2026-02-06 08:03:30.261,79.52252796429445,45064810276.949455,14457083894.194168,2026-03-03 01:20:39.012587
solana,2026-02-06 09:02:40.010,79.00655692979477,44779238697.37394,14549633261.480589,2026-03-03 01:20:39.012588
solana,2026-02-06 10:01:14.781,81.32785012614703,46092348488.07846,14709568936.13373,2026-03-03 01:20:39.012589
solana,2026-02-06 11:03:14.303,80.77296478102664,45800137905.43288,15018088975.492308,2026-03-03 01:20:39.012590
solana,2026-02-06 12:03:31.279,81.11463825677137,45980626251.9633,14502147571.057524,2026-03-03 01:20:39.012591
solana,2026-02-06 13:03:34.045,81.62550380793172,46245017367.30858,14491299343.577398,2026-03-03 01:20:39.012592
solana,2026-02-06 14:01:24.154,83.30302977066468,47270948684.290276,15250842261.177134,2026-03-03 01:20:39.012592
solana,2026-02-06 15:03:08.120,84.16142486546833,47708279373.600586,15488992487.54048,2026-03-03 01:20:39.012593
solana,2026-02-06 16:03:35.701,84.43248804703317,47905935563.05496,14531476874.399307,2026-03-03 01:20:39.012594
solana,2026-02-06 17:03:10.241,86.71164547760446,49120934023.204094,14976434430.335564,2026-03-03 01:20:39.012595
solana,2026-02-06 18:02:32.461,86.8341734412481,49258773493.646706,14933148345.464647,2026-03-03 01:20:39.012595
solana,2026-02-06 19:02:13.260,86.31385947793267,48920353230.36607,14762633947.655632,2026-03-03 01:20:39.012596
solana,2026-02-06 20:02:38.784,87.01467393245487,49308141669.04231,14376998872.386473,2026-03-03 01:20:39.012600
solana,2026-02-06 21:03:14.099,87.02580402823739,49323166465.29064,13970028158.449333,2026-03-03 01:20:39.012601
solana,2026-02-06 22:03:33.146,87.98423495142829,49858257833.76732,13022562069.658985,2026-03-03 01:20:39.012602
solana,2026-02-06 23:02:34.135,89.27741656049784,50633372091.94649,12919357304.423143,2026-03-03 01:20:39.012603
solana,2026-02-07 00:03:00.455,87.49524739680209,49603299711.008316,12642293149.067543,2026-03-03 01:20:39.012603
solana,2026-02-07 01:03:03.710,86.68153396610457,49147753596.17729,10882984400.470818,2026-03-03 01:20:39.012604
solana,2026-02-07 02:02:31.501,87.17964787099795,49477702021.32869,10072444738.994541,2026-03-03 01:20:39.012605
solana,2026-02-07 03:03:10.300,87.14142734329847,49413367780.1215,9544051995.38013,2026-03-03 01:20:39.012606
solana,2026-02-07 04:00:49.550,87.99253331315376,49918487999.18859,9240039643.434458,2026-03-03 01:20:39.012607
solana,2026-02-07 05:03:37.516,87.55294992721174,49631068961.92127,9139085234.56967,2026-03-03 01:20:39.012608
solana,2026-02-07 06:04:05.250,87.73810367374428,49783239481.02881,8952687430.51126,2026-03-03 01:20:39.012609
solana,2026-02-07 07:03:12.840,86.9410873211959,49340974912.463486,8846148124.141182,2026-03-03 01:20:39.012610
solana,2026-02-07 08:03:40.456,85.38211802615136,48436360329.3577,8936162960.287466,2026-03-03 01:20:39.012611
solana,2026-02-07 09:02:30.458,85.44127016217938,48473281600.31725,8617698493.532658,2026-03-03 01:20:39.012612
solana,2026-02-07 10:03:24.185,85.05764235281787,48249339501.20374,8416821446.135347,2026-03-03 01:20:39.012613
solana,2026-02-07 11:02:29.588,84.92706329155006,48173085312.20367,8105066309.895173,2026-03-03 01:20:39.012614
solana,2026-02-07 12:03:10.285,84.8554118752318,48151001487.02836,8087174298.131989,2026-03-03 01:20:39.012615
solana,2026-02-07 13:02:47.775,86.17592861544885,48891128772.55698,8180887133.003871,2026-03-03 01:20:39.012615
solana,2026-02-07 14:02:35.240,85.96501968725394,48765701293.60235,7709045756.903479,2026-03-03 01:20:39.012616
solana,2026-02-07 15:03:21.763,85.67072482711899,48615800488.66681,7200873641.983717,2026-03-03 01:20:39.012617
solana,2026-02-07 16:03:50.317,86.38934607577156,48993363497.97624,6831358056.342676,2026-03-03 01:20:39.012618
solana,2026-02-07 17:03:40.943,86.9386577919443,49301395730.2178,7342647871.522658,2026-03-03 01:20:39.012619
solana,2026-02-07 18:03:54.819,87.46301156751606,49595308821.684425,6893623267.381297,2026-03-03 01:20:39.012619
solana,2026-02-07 19:03:28.386,88.7964178554302,50373549009.99304,6795315411.206142,2026-03-03 01:20:39.012620
solana,2026-02-07 20:03:17.746,88.28081277581737,50090111444.93951,6512263294.877996,2026-03-03 01:20:39.012621
solana,2026-02-07 21:03:04.191,88.81991593987976,50386044655.11315,6216669877.485342,2026-03-03 01:20:39.012622
solana,2026-02-07 22:02:46.000,88.20253080624242,50074868097.69873,6015804431.12559,2026-03-03 01:20:39.012623
solana,2026-02-07 23:03:19.994,88.28652321422065,50095576565.02536,5672413942.935511,2026-03-03 01:20:39.012624
solana,2026-02-08 00:03:57.825,87.63240901941977,49726666815.53885,5437049917.598046,2026-03-03 01:20:39.012624
solana,2026-02-08 01:04:19.945,87.22607252264504,49489345193.879326,5301752006.2177515,2026-03-03 01:20:39.012625
solana,2026-02-08 02:03:45.836,87.84797097708827,49844412610.64086,5168272469.385033,2026-03-03 01:20:39.012626
solana,2026-02-08 03:04:06.667,87.19343388606623,49463217585.04392,5102493827.616375,2026-03-03 01:20:39.012627
solana,2026-02-08 04:03:31.763,86.83207567634855,49294493901.88859,4951365038.792543,2026-03-03 01:20:39.012628
solana,2026-02-08 05:03:08.303,87.17856099706687,49435581783.52544,4694132741.388634,2026-03-03 01:20:39.012629
solana,2026-02-08 06:04:29.854,87.14551212934096,49443859127.74073,4623203237.720911,2026-03-03 01:20:39.012629
solana,2026-02-08 07:03:53.035,87.11568009313135,49447603868.83896,4497864917.854193,2026-03-03 01:20:39.012631
solana,2026-02-08 08:04:23.922,87.21497196305077,49486098765.84267,4147547113.324441,2026-03-03 01:20:39.012631
solana,2026-02-08 09:04:20.199,88.45533742337473,50187672596.523506,4126170273.3674197,2026-03-03 01:20:39.012632
solana,2026-02-08 10:03:33.199,87.65558053367965,49761644705.68653,4030010759.6060114,2026-03-03 01:20:39.012633
solana,2026-02-08 11:03:49.106,86.90623021658949,49319281219.33692,4142452844.2052135,2026-03-03 01:20:39.012634
solana,2026-02-08 12:04:25.741,88.11543522835824,49993882369.6127,4089830567.64013,2026-03-03 01:20:39.012635
solana,2026-02-08 13:04:48.965,88.03738548170953,49941162866.05554,3904911751.0031276,2026-03-03 01:20:39.012635
solana,2026-02-08 14:04:07.219,88.4029516070266,50160121554.36335,4062879831.9939365,2026-03-03 01:20:39.012636
solana,2026-02-08 15:03:16.307,88.28551593997045,50084893794.50539,3946884463.3642006,2026-03-03 01:20:39.012637
solana,2026-02-08 16:04:12.742,87.62350307113813,49719573808.92472,4003301622.0710325,2026-03-03 01:20:39.012638
solana,2026-02-08 17:03:55.322,86.19523982845804,48914592184.4318,3164872340.2250566,2026-03-03 01:20:39.012639
solana,2026-02-08 18:03:19.610,86.87476364710065,49280461585.698166,3061388461.472183,2026-03-03 01:20:39.012640
solana,2026-02-08 19:04:01.766,87.92798209951748,49925349428.55085,3132758883.521004,2026-03-03 01:20:39.012640
solana,2026-02-08 20:04:16.999,88.35891038963699,50125945199.966835,3019376431.8444486,2026-03-03 01:20:39.012641
solana,2026-02-08 21:03:51.301,86.93215831625471,49360102871.16551,3087415523.3697686,2026-03-03 01:20:39.012642
solana,2026-02-08 22:03:40.998,86.49921360393581,49050129326.40412,3072271254.101747,2026-03-03 01:20:39.012643
solana,2026-02-08 23:03:09.245,86.99143239728143,49354932303.34188,3080893122.897097,2026-03-03 01:20:39.012644
solana,2026-02-09 00:03:59.446,87.11390635274802,49432487078.29219,3363491978.189641,2026-03-03 01:20:39.012644
solana,2026-02-09 01:04:04.557,86.92407096588616,49278718797.074875,3343040156.2440147,2026-03-03 01:20:39.012645
solana,2026-02-09 02:02:18.778,86.34270430646397,48984042417.76168,3423436578.066022,2026-03-03 01:20:39.012646
solana,2026-02-09 03:04:32.818,87.09937342118661,49420419509.523094,3532710462.74721,2026-03-03 01:20:39.012647
solana,2026-02-09 04:03:46.581,87.57678082051082,49721158638.517105,3539691652.5690846,2026-03-03 01:20:39.012648
solana,2026-02-09 05:04:17.754,87.0256818639857,49379304740.688,3536328144.068607,2026-03-03 01:20:39.012648
solana,2026-02-09 06:04:31.049,87.1321548254401,49438508130.01461,3546600662.3387346,2026-03-03 01:20:39.012649
solana,2026-02-09 07:03:00.799,86.36973271511219,49011769807.57604,3661460357.897137,2026-03-03 01:20:39.012650
solana,2026-02-09 08:04:44.385,85.44933416447554,48501826791.82922,3686276867.7240653,2026-03-03 01:20:39.012651
solana,2026-02-09 09:04:48.408,84.50013831212915,47960817096.89097,3810892177.008018,2026-03-03 01:20:39.012652
solana,2026-02-09 10:04:05.051,84.14717783555359,47707481109.94592,3858292487.2671537,2026-03-03 01:20:39.012652
solana,2026-02-09 11:03:39.885,83.19917710887798,47191815711.04386,3839041363.030093,2026-03-03 01:20:39.012654
solana,2026-02-09 12:03:52.123,83.34029893030832,47278064034.60255,3832635655.6136622,2026-03-03 01:20:39.012654
solana,2026-02-09 13:02:59.652,83.97893515662155,47677202316.49496,3827853952.479255,2026-03-03 01:20:39.012655
solana,2026-02-09 14:00:30.235,83.83623426850583,47573670315.94172,3837196101.028693,2026-03-03 01:20:39.012656
solana,2026-02-09 15:04:44.120,84.91594420374497,48143993527.50467,3993180644.2502584,2026-03-03 01:20:39.012657
solana,2026-02-09 16:04:21.908,85.24024871862959,48388132557.227776,4036190659.144871,2026-03-03 01:20:39.012658
solana,2026-02-09 17:04:07.373,86.14740815402759,48949783198.67398,4096543089.2380633,2026-03-03 01:20:39.012658
solana,2026-02-09 18:00:33.348,87.6949730119045,49758793605.47716,4324380869.574193,2026-03-03 01:20:39.012659
solana,2026-02-09 19:03:46.330,87.44162698118431,49626354196.70031,4506796311.287168,2026-03-03 01:20:39.012660
solana,2026-02-09 20:03:36.500,87.92147825424858,49902314272.65823,4521389151.8544445,2026-03-03 01:20:39.012661
solana,2026-02-09 21:04:19.215,87.7055336661161,49760872888.80792,4599003896.774201,2026-03-03 01:20:39.012662
solana,2026-02-09 22:03:21.026,87.18933653283004,49436862299.68538,4746758392.398651,2026-03-03 01:20:39.012662
solana,2026-02-09 23:03:25.611,87.05805922287414,49402915081.25488,4647352558.645537,2026-03-03 01:20:39.012663
solana,2026-02-10 00:03:54.023,86.71049947509118,49214264988.87675,4385623090.581994,2026-03-03 01:20:39.012664
solana,2026-02-10 01:03:54.229,86.36767742873677,49016582238.83982,4352272770.494838,2026-03-03 01:20:39.012665
solana,2026-02-10 02:04:11.696,87.19180754621965,49492420698.62269,4250458444.2961955,2026-03-03 01:20:39.012666
solana,2026-02-10 03:03:32.891,86.58526519053721,49132499426.04572,4177649168.394304,2026-03-03 01:20:39.012666
solana,2026-02-10 04:02:59.802,85.72478045950606,48638658151.56972,4215720228.6559453,2026-03-03 01:20:39.012667
solana,2026-02-10 05:02:59.894,86.49096785954369,49061193867.20383,4233506506.765372,2026-03-03 01:20:39.012668
solana,2026-02-10 06:02:58.603,85.80418714593574,48684444481.014175,4302258713.84897,2026-03-03 01:20:39.012669
solana,2026-02-10 07:03:21.978,84.53320831868086,47962749241.69149,4317900882.613648,2026-03-03 01:20:39.012670
solana,2026-02-10 08:02:30.739,84.52901863507483,47966845878.746704,4297764220.261461,2026-03-03 01:20:39.012671
solana,2026-02-10 09:03:02.981,84.57242049134564,48002867865.9913,4125047317.9712224,2026-03-03 01:20:39.012671
solana,2026-02-10 10:03:06.268,84.49227329636291,47955374979.25001,4107360370.533616,2026-03-03 01:20:39.012672
solana,2026-02-10 11:02:26.072,84.1800990772947,47777290731.77176,3943549046.851028,2026-03-03 01:20:39.012673
solana,2026-02-10 12:03:44.478,83.8341755215754,47586347123.76383,3979376162.857382,2026-03-03 01:20:39.012674
solana,2026-02-10 13:03:00.172,83.90383610290951,47628681003.36492,3937167418.578596,2026-03-03 01:20:39.012675
solana,2026-02-10 14:02:59.920,84.56662372173173,47987885089.42868,3981121976.992628,2026-03-03 01:20:39.012675
solana,2026-02-10 15:02:38.853,83.71360950554718,47513002573.312355,4055633041.2020087,2026-03-03 01:20:39.012676
solana,2026-02-10 16:03:03.186,84.22424840018472,47773364785.90153,4097883466.4499626,2026-03-03 01:20:39.012677
solana,2026-02-10 17:03:24.437,84.4061355009356,47904578281.54919,4080946621.567708,2026-03-03 01:20:39.012678
solana,2026-02-10 18:00:37.877,84.80930590825467,48126843094.389694,3879381043.517883,2026-03-03 01:20:39.012679
solana,2026-02-10 19:02:30.883,82.99136750650997,47099566235.01392,3752085251.187999,2026-03-03 01:20:39.012680
solana,2026-02-10 20:03:13.224,83.09594335091818,47160430315.85122,3732101180.62592,2026-03-03 01:20:39.012681
solana,2026-02-10 21:00:41.996,82.59763094266212,46891812712.557434,3632647500.970844,2026-03-03 01:20:39.012682
solana,2026-02-10 22:03:31.377,82.36766340743877,46726157930.8729,3588719766.313195,2026-03-03 01:20:39.012683
solana,2026-02-10 23:02:45.912,82.60802751646409,46897843417.414665,3577771498.891217,2026-03-03 01:20:39.012683
solana,2026-02-11 00:03:52.034,82.86852109504584,47040819950.99199,3323049605.530851,2026-03-03 01:20:39.012684
solana,2026-02-11 01:02:58.844,83.43928830982924,47371692629.31144,3569436659.6857715,2026-03-03 01:20:39.012685
solana,2026-02-11 02:03:14.454,83.63352195676231,47480843029.05487,3541833427.3628874,2026-03-03 01:20:39.012686
solana,2026-02-11 03:00:14.518,83.64639873679698,47527949287.650185,3568300164.1507354,2026-03-03 01:20:39.012687
solana,2026-02-11 04:02:08.713,83.36717959948786,47330961650.37053,3577315013.0901575,2026-03-03 01:20:39.012688
solana,2026-02-11 05:03:59.889,81.94592295387164,46547703551.2873,3634813869.592633,2026-03-03 01:20:39.012688
solana,2026-02-11 06:03:08.410,81.86750196107943,46482970202.98823,3590204153.546029,2026-03-03 01:20:39.012689
solana,2026-02-11 07:03:18.603,80.8367808000064,45904119842.17356,3617097950.08683,2026-03-03 01:20:39.012690
solana,2026-02-11 08:03:32.461,81.09755425853518,46064264679.139626,3651719320.2654986,2026-03-03 01:20:39.012691
solana,2026-02-11 09:04:00.923,81.04274912275449,46006931788.470505,3565141629.764788,2026-03-03 01:20:39.012692
solana,2026-02-11 10:03:42.211,80.73515750037221,45847798419.607666,3530965927.2466927,2026-03-03 01:20:39.012692
solana,2026-02-11 11:01:35.992,80.52190004492708,45703007495.99981,3609861705.755177,2026-03-03 01:20:39.012693
solana,2026-02-11 12:04:25.153,81.19679125698362,46102204078.63647,3559145613.678397,2026-03-03 01:20:39.012694
solana,2026-02-11 13:02:03.057,81.13503764888105,46060832379.91992,3578139172.3906913,2026-03-03 01:20:39.012695
solana,2026-02-11 14:00:39.778,81.29993406354052,46152605125.30536,3728204916.0162625,2026-03-03 01:20:39.012696
solana,2026-02-11 15:02:23.722,80.38283822196293,45803438006.56126,3975942986.4377236,2026-03-03 01:20:39.012696
solana,2026-02-11 16:03:36.353,79.84170294711112,45368738023.09601,4085103234.520026,2026-03-03 01:20:39.012697
solana,2026-02-11 17:02:56.846,78.82264774038215,44788014114.6912,3921967214.125897,2026-03-03 01:20:39.012698
solana,2026-02-11 18:03:52.720,79.2417117805098,45001467468.72688,4332140732.334478,2026-03-03 01:20:39.012699
solana,2026-02-11 19:01:10.258,79.77059582990915,45291435398.20548,4273079643.3552637,2026-03-03 01:20:39.012700
solana,2026-02-11 20:02:29.955,79.72374245496654,45292518130.77502,4268255473.874612,2026-03-03 01:20:39.012701
solana,2026-02-11 21:00:39.651,79.59318844790539,45170466537.49267,4278032261.709734,2026-03-03 01:20:39.012702
solana,2026-02-11 22:02:14.493,80.24091420913636,45570025850.14136,3835616664.226921,2026-03-03 01:20:39.012703
solana,2026-02-11 23:02:56.481,79.55868214762354,45231531480.24828,4216933396.439191,2026-03-03 01:20:39.012703
solana,2026-02-12 00:03:15.544,79.21050883625789,45008377201.46702,4238908097.782234,2026-03-03 01:20:39.012704
solana,2026-02-12 01:03:36.998,79.97874476673542,45413306412.622734,3959667571.2263875,2026-03-03 01:20:39.012705
solana,2026-02-12 02:02:15.193,80.35901365432552,45631661035.66156,4296880786.952116,2026-03-03 01:20:39.012706
solana,2026-02-12 03:02:06.963,80.29440232602764,45595455097.89135,4269033367.0005445,2026-03-03 01:20:39.012707
solana,2026-02-12 04:02:36.413,80.46751603457528,45674450368.031624,4530053275.266947,2026-03-03 01:20:39.012708
solana,2026-02-12 05:02:22.363,80.38709133319061,45654234585.564514,4514029604.215621,2026-03-03 01:20:39.012708
solana,2026-02-12 06:03:14.894,80.42645421441804,45657294335.75214,4468972803.460021,2026-03-03 01:20:39.012709
solana,2026-02-12 07:02:33.758,80.48742946863732,45739173094.51775,4316214912.415519,2026-03-03 01:20:39.012710
solana,2026-02-12 08:03:13.925,80.69823811279076,45825259707.829704,4250405792.569255,2026-03-03 01:20:39.012711
solana,2026-02-12 09:00:27.864,80.5609368885626,45723625672.24574,4216044078.619401,2026-03-03 01:20:39.012712
solana,2026-02-12 10:02:49.611,81.66439237135944,46314894232.285645,4391356731.337524,2026-03-03 01:20:39.012713
solana,2026-02-12 11:02:30.909,82.01544470760733,46488630260.177414,4397734713.498249,2026-03-03 01:20:39.012714
solana,2026-02-12 12:03:17.652,81.83928596496713,46461201997.52011,4311180381.127731,2026-03-03 01:20:39.012715
solana,2026-02-12 13:03:24.457,81.06403923272735,46030965794.748604,4382873684.196918,2026-03-03 01:20:39.012715
solana,2026-02-12 14:02:58.811,81.78102481979697,46312968291.870834,4328751093.8614025,2026-03-03 01:20:39.012716
solana,2026-02-12 15:02:41.963,81.29214781650546,46160742878.610054,4000676802.0552673,2026-03-03 01:20:39.012717
solana,2026-02-12 16:02:25.199,80.3155196293081,45694659524.87448,3793221631.2006993,2026-03-03 01:20:39.012718
solana,2026-02-12 17:03:13.331,78.45347400688149,44567050978.06289,3859017409.5938015,2026-03-03 01:20:39.012719
solana,2026-02-12 18:02:19.677,77.95097134300822,44300106781.68528,3873374999.455784,2026-03-03 01:20:39.012720
solana,2026-02-12 19:03:24.485,77.63363155274118,44110106744.204636,3803785520.2716265,2026-03-03 01:20:39.012721
solana,2026-02-12 20:01:19.541,77.6081498146553,44149463537.81222,3953323580.0642786,2026-03-03 01:20:39.012721
solana,2026-02-12 21:01:36.569,76.81074651542316,43613842269.80272,3906083522.6521177,2026-03-03 01:20:39.012722
solana,2026-02-12 22:02:55.108,77.31781269408803,43903900693.508766,3803629553.5413227,2026-03-03 01:20:39.012723
solana,2026-02-12 23:01:41.335,77.83439424725547,44150850520.88321,3924238829.470308,2026-03-03 01:20:39.012724
solana,2026-02-13 00:02:48.660,78.28829432271178,44449474908.37649,3834640225.2758503,2026-03-03 01:20:39.012725
solana,2026-02-13 01:03:06.073,77.8654812487099,44196748421.11076,3940013930.74336,2026-03-03 01:20:39.012726
solana,2026-02-13 02:03:03.021,78.5245325864963,44583296629.93758,3935974042.817906,2026-03-03 01:20:39.012726
solana,2026-02-13 03:00:28.498,79.06860796763068,44878381845.854706,3961534915.306091,2026-03-03 01:20:39.012727
solana,2026-02-13 04:04:21.029,78.92237418015027,44831982599.5766,3888555020.7795997,2026-03-03 01:20:39.012728
solana,2026-02-13 05:03:22.204,78.54343868130984,44601354834.24113,3983380233.687382,2026-03-03 01:20:39.012729
solana,2026-02-13 06:01:45.371,78.42282576103526,44578987082.5194,3932813115.096789,2026-03-03 01:20:39.012730
solana,2026-02-13 07:00:49.561,78.15144685881079,44311763701.93605,3935508768.8371487,2026-03-03 01:20:39.012731
solana,2026-02-13 08:03:15.185,78.88270620894336,44743300918.652115,3983561883.196179,2026-03-03 01:20:39.012731
solana,2026-02-13 09:04:03.196,79.62251304243328,45217713795.857216,3934195407.5389795,2026-03-03 01:20:39.012732
solana,2026-02-13 10:02:34.240,79.76948383962913,45294784968.87313,3893969419.4840946,2026-03-03 01:20:39.012733
solana,2026-02-13 11:02:35.238,80.36458423941309,45663042569.02174,3944118718.9973516,2026-03-03 01:20:39.012734
solana,2026-02-13 12:01:25.417,80.19934140053678,45538770100.997765,3922897790.96732,2026-03-03 01:20:39.012735
solana,2026-02-13 13:01:18.209,80.00433128628329,45438545481.13412,3870640249.971623,2026-03-03 01:20:39.012736
solana,2026-02-13 14:02:11.346,80.2979415883036,45577740074.73399,3885384307.285553,2026-03-03 01:20:39.012736
solana,2026-02-13 15:02:13.514,81.34549544607776,46296768393.64693,4106019591.7240644,2026-03-03 01:20:39.012737
solana,2026-02-13 16:02:05.020,83.06582736454217,47158630578.45213,4338250109.538918,2026-03-03 01:20:39.012738
solana,2026-02-13 17:00:01.837,84.38166880207166,47919878241.1782,4226926279.9192023,2026-03-03 01:20:39.012739
solana,2026-02-13 18:00:27.470,84.35299473969377,47893179638.691216,4122653792.5394454,2026-03-03 01:20:39.012740
solana,2026-02-13 19:01:50.559,85.37814447275258,48486308253.32312,4214110700.4243193,2026-03-03 01:20:39.012741
solana,2026-02-13 20:02:59.742,84.7115695479786,48140703057.22855,4087332222.705762,2026-03-03 01:20:39.012741
solana,2026-02-13 21:03:31.633,84.7518838540852,48168097972.5731,4035499091.184538,2026-03-03 01:20:39.012742
solana,2026-02-13 22:03:38.043,84.67110560540972,48076036494.88574,4090353410.3547044,2026-03-03 01:20:39.012743
solana,2026-02-13 23:02:38.081,84.54515198879155,48020829892.787415,3963940196.4330587,2026-03-03 01:20:39.012744
solana,2026-02-14 00:02:15.695,84.3036938037045,47866759826.69745,3871002496.6707788,2026-03-03 01:20:39.012745
solana,2026-02-14 01:02:12.223,84.94148688708539,48212334411.310295,3867648546.4799953,2026-03-03 01:20:39.012746
solana,2026-02-14 02:01:33.209,84.95571997725357,48244460756.5896,3839917905.8995833,2026-03-03 01:20:39.012747
solana,2026-02-14 03:00:38.057,84.8182931845826,48176718157.74198,3800925057.417951,2026-03-03 01:20:39.012748
solana,2026-02-14 04:01:51.197,85.00689808698274,48279651224.63132,3749551846.654482,2026-03-03 01:20:39.012748
solana,2026-02-14 05:02:46.357,84.81572794128198,48179592337.564705,3685980233.3042135,2026-03-03 01:20:39.012749
solana,2026-02-14 06:02:55.052,84.67288593594567,48111040507.52237,3667873413.391926,2026-03-03 01:20:39.012750
solana,2026-02-14 07:00:46.842,84.81637869958014,48152442377.384705,3605019099.143514,2026-03-03 01:20:39.012751
solana,2026-02-14 08:03:42.097,85.14115743631191,48318468921.29163,3573559214.985306,2026-03-03 01:20:39.012752
solana,2026-02-14 09:03:01.732,86.1100305372664,48865736363.6735,3722833353.677857,2026-03-03 01:20:39.012753
solana,2026-02-14 10:02:25.430,85.99805480061556,48843665519.4322,3681142383.1841383,2026-03-03 01:20:39.012753
solana,2026-02-14 11:02:42.199,85.78852150322625,48721870094.353424,3598970608.937238,2026-03-03 01:20:39.012754
solana,2026-02-14 12:03:01.628,87.11895528751415,49472211580.57195,3756785636.3356414,2026-03-03 01:20:39.012755
solana,2026-02-14 13:03:47.921,86.41210464976334,49088749535.45379,3792021169.6359105,2026-03-03 01:20:39.012756
solana,2026-02-14 14:03:02.134,86.37880606404893,49083963171.36019,3843827446.5895386,2026-03-03 01:20:39.012757
solana,2026-02-14 15:02:28.029,87.2523064837539,49519322774.4153,3698687686.3011665,2026-03-03 01:20:39.012758
solana,2026-02-14 16:00:21.426,87.36543172591257,49609262270.165146,3303422055.778704,2026-03-03 01:20:39.012758
solana,2026-02-14 17:02:59.081,88.10114945298595,50034778729.0672,3335690683.8740263,2026-03-03 01:20:39.012759
solana,2026-02-14 18:03:30.908,87.99268618388786,49985693639.81259,3205557740.2571964,2026-03-03 01:20:39.012760
solana,2026-02-14 19:02:37.666,88.01832417610606,50002007517.2799,3069928320.3022275,2026-03-03 01:20:39.012761
solana,2026-02-14 20:02:51.258,88.15513361215716,50068595554.7195,2999216160.86512,2026-03-03 01:20:39.012762
solana,2026-02-14 21:02:21.670,88.05525177425861,50000809453.241234,2958075110.847013,2026-03-03 01:20:39.012763
solana,2026-02-14 22:03:08.607,87.88912863258223,49871795411.46419,3056537730.692994,2026-03-03 01:20:39.012763
solana,2026-02-14 23:02:30.184,88.5750688920624,50322073697.23899,3109928810.0889444,2026-03-03 01:20:39.012764
solana,2026-02-15 00:03:15.867,88.11664619512503,50060921679.116516,3066567352.5518403,2026-03-03 01:20:39.012765
solana,2026-02-15 01:02:28.891,88.07884165214287,50008434952.89794,3120399083.0940614,2026-03-03 01:20:39.012766
solana,2026-02-15 02:02:59.965,88.08575090848579,49970795398.15911,3161411017.7544765,2026-03-03 01:20:39.012767
solana,2026-02-15 03:02:41.511,88.06075698763719,50030612648.95228,3166843723.7778745,2026-03-03 01:20:39.012768
solana,2026-02-15 04:00:12.488,88.14099194763398,50043417742.48014,3318866704.018644,2026-03-03 01:20:39.012768
solana,2026-02-15 05:02:51.921,88.74798034068976,50433277923.64526,3590002129.3017964,2026-03-03 01:20:39.012769
solana,2026-02-15 06:02:43.437,89.7290432011317,50989316763.19528,3719867415.9269986,2026-03-03 01:20:39.012770
solana,2026-02-15 07:03:41.592,89.54537922924469,50875528858.573906,3843433567.911807,2026-03-03 01:20:39.012771
solana,2026-02-15 08:00:22.479,90.59498879940297,51447711477.19468,3938422556.3590145,2026-03-03 01:20:39.012772
solana,2026-02-15 09:01:39.508,89.55649445431212,50864421914.34704,4131319491.844082,2026-03-03 01:20:39.012773
solana,2026-02-15 10:02:35.871,89.9400541125912,51097195313.06003,4059738966.6102324,2026-03-03 01:20:39.012773
solana,2026-02-15 11:02:19.731,89.5330118350233,50849656614.72513,4129642675.8387146,2026-03-03 01:20:39.012774
solana,2026-02-15 12:02:25.505,89.11600641421346,50625251562.41201,3997394452.4268603,2026-03-03 01:20:39.012775
solana,2026-02-15 13:01:54.852,87.99074740629007,50029798354.37817,4170223795.1549993,2026-03-03 01:20:39.012776
solana,2026-02-15 14:00:42.291,87.0416151652876,49462144804.70399,4197498272.0493016,2026-03-03 01:20:39.012777
solana,2026-02-15 15:03:41.849,87.3011559313812,49601137942.29676,4186165465.039876,2026-03-03 01:20:39.012778
solana,2026-02-15 16:03:26.532,87.28422969803367,49533288467.501656,4217228971.800781,2026-03-03 01:20:39.012778
solana,2026-02-15 17:02:53.912,87.51597887561475,49703596921.04255,4000165196.3996987,2026-03-03 01:20:39.012779
solana,2026-02-15 18:03:32.087,86.31451868962716,49010938755.91173,4145720862.0861096,2026-03-03 01:20:39.012780
solana,2026-02-15 19:01:00.487,86.15444506739482,48954061942.442085,4179338292.467836,2026-03-03 01:20:39.012781
solana,2026-02-15 20:03:02.940,85.38237418387251,48504599668.332756,4325591543.14753,2026-03-03 01:20:39.012782
solana,2026-02-15 21:03:19.231,85.72754374153834,48683605253.56911,4365531153.249457,2026-03-03 01:20:39.012783
solana,2026-02-15 22:02:40.057,86.13367570120784,48936854040.53992,4341839741.059878,2026-03-03 01:20:39.012784
solana,2026-02-15 23:03:43.688,86.33849497975348,49075004074.87181,4314270098.371077,2026-03-03 01:20:39.012785
solana,2026-02-16 00:01:46.795,85.99418751417357,48831757163.43187,4356591133.825141,2026-03-03 01:20:39.012785
solana,2026-02-16 01:02:13.431,86.11208859333169,48918530134.67709,4388144298.785314,2026-03-03 01:20:39.012786
solana,2026-02-16 02:01:57.918,85.65572644043613,48644808650.73106,4398975850.548495,2026-03-03 01:20:39.012787
solana,2026-02-16 03:02:22.907,85.43988304761547,48564420763.00987,4493671319.984703,2026-03-03 01:20:39.012788
solana,2026-02-16 04:01:30.817,85.05721471432734,48320014798.17861,4372293415.425428,2026-03-03 01:20:39.012789
solana,2026-02-16 05:02:54.813,85.68758947902425,48667630827.57058,4184199053.9413877,2026-03-03 01:20:39.012790
solana,2026-02-16 06:00:26.041,84.63102097108236,48073824248.48724,4063523865.832618,2026-03-03 01:20:39.012790
solana,2026-02-16 07:03:05.918,84.99454910288505,48285195544.64985,4042627148.7188783,2026-03-03 01:20:39.012791
solana,2026-02-16 08:02:47.794,85.09766167513897,48342229421.02907,3983262137.1482053,2026-03-03 01:20:39.012792
solana,2026-02-16 09:03:05.882,85.34761676621576,48481611674.936325,3704647882.4826612,2026-03-03 01:20:39.012793
solana,2026-02-16 10:03:03.451,85.92552190870455,48820422568.109886,3725547670.580586,2026-03-03 01:20:39.012794
solana,2026-02-16 11:02:45.328,85.7246618870978,48710421070.71252,3641658629.3930306,2026-03-03 01:20:39.012795
solana,2026-02-16 12:02:23.469,85.51352700150666,48573855229.321144,3769121563.5268846,2026-03-03 01:20:39.012795
solana,2026-02-16 13:02:29.866,86.12424291969944,48916975247.86006,3661605552.0208716,2026-03-03 01:20:39.012796
solana,2026-02-16 14:02:43.544,84.0919598909319,47758514256.46086,3808893150.8143926,2026-03-03 01:20:39.012797
solana,2026-02-16 15:03:33.692,84.09411546481392,47787696953.76063,3878374432.958854,2026-03-03 01:20:39.012798
solana,2026-02-16 16:02:50.935,83.16024797327056,47230242461.61458,3956861009.643151,2026-03-03 01:20:39.012799
solana,2026-02-16 17:02:58.783,83.90111679323668,47659857507.52446,4083065472.6565657,2026-03-03 01:20:39.012799
solana,2026-02-16 18:02:34.482,84.43624875623745,47956118158.211754,4015963433.0091243,2026-03-03 01:20:39.012800
solana,2026-02-16 19:01:29.329,84.58159916046742,48084796920.20565,3923243648.220656,2026-03-03 01:20:39.012801
solana,2026-02-16 20:03:06.356,84.70227700818504,48137662018.65757,3767590505.2071915,2026-03-03 01:20:39.012802
solana,2026-02-16 21:03:01.940,85.29995973677194,48446540481.69427,3727352230.31995,2026-03-03 01:20:39.012803
solana,2026-02-16 22:04:28.646,85.7219184603071,48682367691.765656,3786631220.226486,2026-03-03 01:20:39.012804
solana,2026-02-16 23:02:55.768,85.75529671808786,48742658086.41334,3697300052.21201,2026-03-03 01:20:39.012805
solana,2026-02-17 00:03:30.103,86.48292693006974,49114854533.43764,3667244481.3373995,2026-03-03 01:20:39.012805
solana,2026-02-17 01:02:16.531,86.74030918734482,49266642060.42448,3743090461.542065,2026-03-03 01:20:39.012806
solana,2026-02-17 02:02:29.338,86.30675536564628,49067555525.7783,3677706534.087567,2026-03-03 01:20:39.012807
solana,2026-02-17 03:03:36.750,87.41189934760487,49671661236.79986,3665243535.968741,2026-03-03 01:20:39.012808
solana,2026-02-17 04:00:06.859,86.4639719512438,49121678725.49177,3529745286.1013474,2026-03-03 01:20:39.012809
solana,2026-02-17 05:01:32.881,86.35180934741449,49054876192.44049,3553575550.2103033,2026-03-03 01:20:39.012809
solana,2026-02-17 06:03:09.577,86.16072302710226,48947485231.70032,3531746638.0309443,2026-03-03 01:20:39.012810
solana,2026-02-17 07:00:11.567,86.58805825336809,49192652793.49712,3529231431.6622167,2026-03-03 01:20:39.012811
solana,2026-02-17 08:02:51.824,86.41284197265765,49091306066.19754,3501029447.7892447,2026-03-03 01:20:39.012812
solana,2026-02-17 09:01:48.215,85.96720510937851,48841376232.08964,3503425393.758635,2026-03-03 01:20:39.012813
solana,2026-02-17 10:01:15.655,85.90737258168629,48810795512.90424,3439069691.984994,2026-03-03 01:20:39.012814
solana,2026-02-17 11:02:18.892,84.99287530488414,48274157135.58345,3452481519.0511937,2026-03-03 01:20:39.012814
solana,2026-02-17 12:00:38.563,85.05435666239849,48285905312.0013,3420666939.910114,2026-03-03 01:20:39.012815
solana,2026-02-17 13:00:26.763,84.75376203695433,48194809756.15624,3429224744.3328567,2026-03-03 01:20:39.012816
solana,2026-02-17 14:01:24.991,85.16150383118963,48408204601.89376,3169584607.6458735,2026-03-03 01:20:39.012819
solana,2026-02-17 15:02:17.719,83.21708132970673,47291536724.9445,3182218030.154174,2026-03-03 01:20:39.012820
solana,2026-02-17 16:00:41.995,83.58058245464476,47433708539.673645,3273288935.169399,2026-03-03 01:20:39.012821
solana,2026-02-17 17:03:31.813,84.3535211560107,48036619151.36698,3280402314.0393763,2026-03-03 01:20:39.012822
solana,2026-02-17 18:02:47.044,83.59347684392996,47447455574.28444,3299655618.3537254,2026-03-03 01:20:39.012823
solana,2026-02-17 19:03:03.562,85.17445966718945,48410475197.815414,3297745459.151721,2026-03-03 01:20:39.012824
solana,2026-02-17 20:01:19.616,84.84551139769285,48206423282.69059,3369446734.0053473,2026-03-03 01:20:39.012825
solana,2026-02-17 21:02:11.664,84.98484900422716,48295769497.702446,3390484525.3804274,2026-03-03 01:20:39.012825
solana,2026-02-17 22:03:15.034,85.10820364830812,48361888624.718475,3367614520.0904574,2026-03-03 01:20:39.012826
solana,2026-02-17 23:01:07.315,85.00988296807633,48366476183.09064,3336083424.964822,2026-03-03 01:20:39.012827
solana,2026-02-18 00:02:27.041,85.1211540079665,48355453684.622856,3320358449.6441803,2026-03-03 01:20:39.012828
solana,2026-02-18 01:02:18.133,84.85433259756324,48287443776.22101,3133643424.939549,2026-03-03 01:20:39.012829
solana,2026-02-18 02:01:45.091,84.14034843903352,47805594792.087845,3378095874.3167453,2026-03-03 01:20:39.012830
solana,2026-02-18 03:01:47.055,84.65467603172287,48116188415.761665,3325220139.368371,2026-03-03 01:20:39.012831
solana,2026-02-18 04:00:30.567,85.31702940291507,48472885371.67203,3344100315.5512176,2026-03-03 01:20:39.012831
solana,2026-02-18 05:01:46.723,85.06715129020017,48337672963.24272,3326427166.215735,2026-03-03 01:20:39.012832
solana,2026-02-18 06:00:05.989,84.86205961379011,48219716779.963486,3267887952.0792956,2026-03-03 01:20:39.012833
solana,2026-02-18 07:00:29.549,84.95668231950148,48329277023.39646,3319703223.4850025,2026-03-03 01:20:39.012834
solana,2026-02-18 08:02:37.251,85.27895393707327,48468526320.09556,3236526288.27915,2026-03-03 01:20:39.012835
solana,2026-02-18 09:01:44.694,85.40551021287041,48542620017.70753,3260383581.8541727,2026-03-03 01:20:39.012835
solana,2026-02-18 10:03:33.191,85.32314137077243,48485605180.154434,3258816821.8873653,2026-03-03 01:20:39.012838
solana,2026-02-18 11:01:38.520,84.2525229106615,47874297420.43493,3284099573.2272515,2026-03-03 01:20:39.012839
solana,2026-02-18 12:02:17.387,83.14890966650032,47316492801.69794,3503326302.4691844,2026-03-03 01:20:39.012840
solana,2026-02-18 13:01:54.154,83.01635836759996,47184076840.25963,3546989378.454786,2026-03-03 01:20:39.012841
solana,2026-02-18 14:02:14.631,82.57073864321897,46885859488.173546,3540590533.1405973,2026-03-03 01:20:39.012841
solana,2026-02-18 15:02:12.280,82.44603187689617,46818319902.05855,3557999770.81783,2026-03-03 01:20:39.012842
solana,2026-02-18 16:02:19.356,83.08398040684077,47314997261.038376,3500898649.3109694,2026-03-03 01:20:39.012843
solana,2026-02-18 17:00:35.166,82.19595012314998,46712188964.80773,3404058840.570689,2026-03-03 01:20:39.012844
solana,2026-02-18 18:01:00.886,82.16148342808022,46715412891.06287,3342338546.4666357,2026-03-03 01:20:39.012845
solana,2026-02-18 19:00:24.803,81.34489875337384,46247497784.408325,3400180612.7252135,2026-03-03 01:20:39.012846
solana,2026-02-18 20:01:59.922,80.84701779545287,45987779949.77315,3419206306.2300267,2026-03-03 01:20:39.012846
solana,2026-02-18 21:01:53.447,81.30577045585139,46238756358.12234,3433578626.252229,2026-03-03 01:20:39.012847
solana,2026-02-18 22:01:54.905,81.24246857229767,46185528874.97323,3407953234.311289,2026-03-03 01:20:39.012848
solana,2026-02-18 23:00:51.868,81.41677491390041,46276550722.08316,3423486142.3148975,2026-03-03 01:20:39.012849
solana,2026-02-19 00:01:20.691,81.54155441616038,46318090197.91994,3391855036.576812,2026-03-03 01:20:39.012850
solana,2026-02-19 01:01:25.100,81.49404356364501,46326602316.26252,3321995238.2749467,2026-03-03 01:20:39.012851
solana,2026-02-19 02:02:00.990,81.82225682080673,46457628074.339294,3334263808.4405365,2026-03-03 01:20:39.012852
solana,2026-02-19 03:04:33.339,81.57023024952058,46309443928.945244,3335369464.9735975,2026-03-03 01:20:39.012852
solana,2026-02-19 04:00:40.133,81.70274317491871,46385689445.026184,3279420144.48774,2026-03-03 01:20:39.012853
solana,2026-02-19 05:03:08.253,81.55589975192903,46350742578.01138,3285422213.0665774,2026-03-03 01:20:39.012856
solana,2026-02-19 06:01:13.535,81.77807033419472,46444116000.71492,3412533529.5974817,2026-03-03 01:20:39.012857
solana,2026-02-19 07:01:03.607,82.35460377603462,46800004531.598404,3385732012.02886,2026-03-03 01:20:39.012857
solana,2026-02-19 08:01:48.565,82.30715494550886,46741410428.24891,3487226871.872366,2026-03-03 01:20:39.012858
solana,2026-02-19 09:02:18.430,81.68284942583122,46416645738.85136,3372642504.136891,2026-03-03 01:20:39.012859
solana,2026-02-19 10:02:42.083,81.18459176990582,46139947020.05049,3366779536.658989,2026-03-03 01:20:39.012860
solana,2026-02-19 11:02:35.792,81.47429375421041,46310902403.75406,3352359640.2916503,2026-03-03 01:20:39.012861
solana,2026-02-19 12:02:43.381,81.18940835017615,46141547330.56057,3143274488.548932,2026-03-03 01:20:39.012862
solana,2026-02-19 13:02:12.159,80.7635806535789,45894901987.08829,3133412482.2659154,2026-03-03 01:20:39.012862
solana,2026-02-19 14:02:12.194,79.88304039490792,45384302262.87361,3246895112.5686917,2026-03-03 01:20:39.012863
solana,2026-02-19 15:01:46.582,80.88508574672937,46016518935.49397,3237729752.3857613,2026-03-03 01:20:39.012864
solana,2026-02-19 16:01:05.374,80.46267162151896,45732825176.79228,3133856107.454565,2026-03-03 01:20:39.012865
solana,2026-02-19 17:02:02.596,80.65008500239284,45823788799.01834,3124623989.069698,2026-03-03 01:20:39.012866
solana,2026-02-19 18:01:41.170,80.40263232179812,45700675686.9574,3187699476.088752,2026-03-03 01:20:39.012867
solana,2026-02-19 19:02:15.680,81.88931461934136,46538462588.7419,3125817026.886311,2026-03-03 01:20:39.012867
solana,2026-02-19 20:03:08.651,81.81635864153343,46467092149.794044,3064351377.4087024,2026-03-03 01:20:39.012868
solana,2026-02-19 21:03:19.408,82.07451201832139,46665000371.33157,3077396868.128604,2026-03-03 01:20:39.012869
solana,2026-02-19 22:02:10.637,82.02714798141452,46632914132.69649,3036326918.646086,2026-03-03 01:20:39.012870
solana,2026-02-19 23:02:09.362,82.2265516912512,46707227010.55429,3069446450.985068,2026-03-03 01:20:39.012871
solana,2026-02-20 00:02:37.273,82.37989133773483,46805469549.69822,3086818515.165937,2026-03-03 01:20:39.012872
solana,2026-02-20 01:02:36.726,82.9340053468958,47136400922.17038,3172264925.4290204,2026-03-03 01:20:39.012874
solana,2026-02-20 02:03:14.990,82.90146777035683,47112916828.430916,3218058720.7103634,2026-03-03 01:20:39.012875
solana,2026-02-20 03:02:17.376,82.95126415144216,47154254673.035904,3238061818.361578,2026-03-03 01:20:39.012876
solana,2026-02-20 04:02:33.535,83.00266242236192,47182938290.80537,3299202747.0982623,2026-03-03 01:20:39.012878
solana,2026-02-20 05:03:33.787,82.69433366839523,47007144502.763016,3278331050.686414,2026-03-03 01:20:39.012879
solana,2026-02-20 06:02:50.275,83.33586641915798,47406327368.03268,3236630571.543486,2026-03-03 01:20:39.012880
solana,2026-02-20 07:02:36.806,83.59695719841302,47486435481.28491,3252686548.149393,2026-03-03 01:20:39.012881
solana,2026-02-20 08:03:39.960,83.48361169474612,47457360316.6724,3240638158.31812,2026-03-03 01:20:39.012881
solana,2026-02-20 09:02:51.387,83.58982633415071,47499187843.083824,3219048953.14675,2026-03-03 01:20:39.012882
solana,2026-02-20 10:01:04.714,84.18325068764878,47861748789.36075,3312190814.447975,2026-03-03 01:20:39.012883
solana,2026-02-20 11:02:55.202,84.1282276204913,47831146839.44026,3349748907.9575005,2026-03-03 01:20:39.012884
solana,2026-02-20 12:01:30.051,83.56080269478585,47474854390.82567,3485289645.5738797,2026-03-03 01:20:39.012885
solana,2026-02-20 13:03:05.546,83.67236168514022,47556438461.25822,3520861545.672061,2026-03-03 01:20:39.012886
solana,2026-02-20 14:02:22.325,82.10067801443192,46622214465.921074,3513826059.9160695,2026-03-03 01:20:39.012886
solana,2026-02-20 15:03:28.385,82.9419831805869,47134855204.730576,3551993135.468793,2026-03-03 01:20:39.012887
solana,2026-02-20 16:03:39.199,84.05500799147691,47738092486.84054,3816034509.3833904,2026-03-03 01:20:39.012888
solana,2026-02-20 17:01:17.575,84.32311921748051,47859562643.748,3894210868.610075,2026-03-03 01:20:39.012889
solana,2026-02-20 18:01:43.440,84.37961184238266,47859864299.19622,3971028386.3470316,2026-03-03 01:20:39.012890
solana,2026-02-20 19:01:57.858,85.08957969814067,48344290173.14857,4181192636.1995134,2026-03-03 01:20:39.012890
solana,2026-02-20 20:02:40.966,84.71794542119126,48132519753.83408,4176760967.7326508,2026-03-03 01:20:39.012893
solana,2026-02-20 21:02:58.346,84.5429510168155,48059535448.05562,4125792908.056595,2026-03-03 01:20:39.012894
solana,2026-02-20 22:00:27.116,84.46537325048097,47995417981.61019,4149579161.582953,2026-03-03 01:20:39.012895
solana,2026-02-20 23:03:21.238,84.52149874456737,48038442013.85515,4139153988.1265974,2026-03-03 01:20:39.012895
solana,2026-02-21 00:01:33.794,84.58566746661943,48052976026.852936,4149362636.330106,2026-03-03 01:20:39.012896
solana,2026-02-21 01:01:18.766,84.3635512488427,47948212016.362076,4063238042.1831684,2026-03-03 01:20:39.012897
solana,2026-02-21 02:02:40.858,84.69537014203623,48144618013.659805,4006536385.864306,2026-03-03 01:20:39.012898
solana,2026-02-21 03:00:22.988,84.84393040651325,48218785615.184685,3968954765.9611964,2026-03-03 01:20:39.012899
solana,2026-02-21 04:02:36.409,84.27691091918159,47898669660.974686,3949877442.3176923,2026-03-03 01:20:39.012900
solana,2026-02-21 05:00:16.913,84.291569901702,47900573371.788826,3930223634.1140404,2026-03-03 01:20:39.012900
solana,2026-02-21 06:02:05.138,84.4449191412851,47995365999.10491,3851815286.5536566,2026-03-03 01:20:39.012901
solana,2026-02-21 07:02:24.269,84.08868554223336,47789680667.09942,3790100480.445356,2026-03-03 01:20:39.012902
solana,2026-02-21 08:00:21.665,84.1591635838349,47838856068.94144,3777976434.0491223,2026-03-03 01:20:39.012903
solana,2026-02-21 09:02:36.742,84.59281603635382,48057669076.13081,3768318135.958807,2026-03-03 01:20:39.012904
solana,2026-02-21 10:01:59.170,84.92004594426965,48274637532.79644,3679369530.589065,2026-03-03 01:20:39.012905
solana,2026-02-21 11:02:25.661,85.10085418124892,48359296809.10319,3594995981.963442,2026-03-03 01:20:39.012905
solana,2026-02-21 12:02:15.285,85.3389749467423,48502129761.09296,3473664693.2527814,2026-03-03 01:20:39.012906
solana,2026-02-21 13:02:15.128,85.25986174515616,48457577354.27612,3403844058.6905675,2026-03-03 01:20:39.012907
solana,2026-02-21 14:02:21.046,85.59570478849382,48653784245.989006,3178064453.278168,2026-03-03 01:20:39.012908
solana,2026-02-21 15:02:05.359,86.34730858491848,49081035380.609024,3137051604.251458,2026-03-03 01:20:39.012909
solana,2026-02-21 16:00:29.919,86.58986090658428,49227006673.67174,2830377264.3629947,2026-03-03 01:20:39.012911
solana,2026-02-21 17:02:55.934,86.17619052660422,49001265786.245316,2707957748.1363726,2026-03-03 01:20:39.012912
solana,2026-02-21 18:02:39.853,86.20462102584261,49010230431.06204,2486261887.622926,2026-03-03 01:20:39.012913
solana,2026-02-21 19:03:06.637,86.58618210853619,49225673184.57111,2265089886.6105614,2026-03-03 01:20:39.012914
solana,2026-02-21 20:03:39.391,86.2194748459261,49029109781.593346,2164656402.111501,2026-03-03 01:20:39.012915
solana,2026-02-21 21:03:12.397,85.53461079096215,48639829420.11525,2176867934.3556848,2026-03-03 01:20:39.012916
solana,2026-02-21 22:02:02.382,85.74097624057669,48720600952.31766,2148905455.0201435,2026-03-03 01:20:39.012916
solana,2026-02-21 23:03:27.104,85.44829384658821,48583930540.07116,2111354597.1360464,2026-03-03 01:20:39.012917
solana,2026-02-22 00:02:10.067,85.19733090087202,48441991447.940315,2088504922.9939537,2026-03-03 01:20:39.012918
solana,2026-02-22 01:00:04.261,84.8006877050182,48217276823.52292,2108835315.4218357,2026-03-03 01:20:39.012919
solana,2026-02-22 02:02:14.417,85.23981669239554,48459958540.17441,2111496555.038077,2026-03-03 01:20:39.012920
solana,2026-02-22 03:02:25.131,84.96923269234988,48303305046.40415,2157428201.367998,2026-03-03 01:20:39.012921
solana,2026-02-22 04:02:57.375,85.02230155886602,48330696498.31763,2161531997.217593,2026-03-03 01:20:39.012921
solana,2026-02-22 05:02:50.660,85.13456419488932,48399132591.45925,2152610502.679217,2026-03-03 01:20:39.012922
solana,2026-02-22 06:02:55.313,84.93488795291742,48272614076.513466,2161522003.812421,2026-03-03 01:20:39.012923
solana,2026-02-22 07:00:45.667,85.25120302658358,48461501069.74309,2155097459.448432,2026-03-03 01:20:39.012924
solana,2026-02-22 08:03:18.044,85.30224995143575,48516761700.93443,2163402222.0039134,2026-03-03 01:20:39.012925
solana,2026-02-22 09:02:03.662,84.9453227193118,48284439586.68371,2153231972.4794455,2026-03-03 01:20:39.012926
solana,2026-02-22 10:01:34.267,85.01823199435482,48336818389.27284,2117716194.397207,2026-03-03 01:20:39.012926
solana,2026-02-22 11:02:11.915,85.1943705128054,48438442702.2122,2109163428.8368983,2026-03-03 01:20:39.012929
solana,2026-02-22 12:01:07.692,85.232877623861,48447518468.92363,2092404589.1185915,2026-03-03 01:20:39.012930
solana,2026-02-22 13:02:35.435,84.4452837690814,48002581617.245636,2089024826.5879917,2026-03-03 01:20:39.012931
solana,2026-02-22 14:02:31.218,83.89965823654165,47676136400.691444,2181270654.0724545,2026-03-03 01:20:39.012931
solana,2026-02-22 15:00:39.934,83.61691580133663,47537204084.6177,2058123515.2127695,2026-03-03 01:20:39.012932
solana,2026-02-22 16:02:49.916,83.52254213746592,47496587094.06388,2150963370.419694,2026-03-03 01:20:39.012933
solana,2026-02-22 17:02:05.070,83.5026320731571,47446343114.63726,2059359267.0349784,2026-03-03 01:20:39.012934
solana,2026-02-22 18:00:45.207,82.97580562616471,47166525478.22787,2085439115.5589967,2026-03-03 01:20:39.012935
solana,2026-02-22 19:02:24.011,83.19497286395281,47291541211.066185,2062407201.2031112,2026-03-03 01:20:39.012938
solana,2026-02-22 20:02:58.141,83.27403656106448,47343255475.785034,2043641890.6631718,2026-03-03 01:20:39.012939
solana,2026-02-22 21:03:05.223,83.04837674576733,47227519674.56872,2046717742.3918052,2026-03-03 01:20:39.012940
solana,2026-02-22 22:02:52.692,83.47447389253462,47447958314.21668,1943195490.3538268,2026-03-03 01:20:39.012941
solana,2026-02-22 23:02:43.705,83.54223241464953,47489225881.18063,1993771130.173236,2026-03-03 01:20:39.012942
solana,2026-02-23 00:03:20.540,82.74185877804334,47012304075.94546,2132558842.0803,2026-03-03 01:20:39.012943
solana,2026-02-23 01:02:48.431,81.8037027661235,46526301653.510704,2214390991.7522473,2026-03-03 01:20:39.012944
solana,2026-02-23 02:03:15.226,77.99514505442879,44263988183.21964,2852315488.572171,2026-03-03 01:20:39.012944
solana,2026-02-23 03:03:06.272,77.73455496020566,44190095095.2036,3035601488.114563,2026-03-03 01:20:39.012945
solana,2026-02-23 04:02:15.904,77.75081028673497,44244960625.89537,3155425584.83084,2026-03-03 01:20:39.012946
solana,2026-02-23 05:03:01.971,77.33974348457807,43964970374.67533,3260851484.746824,2026-03-03 01:20:39.012947
solana,2026-02-23 06:02:36.136,77.75424419276169,44196667422.372375,3393330888.6868663,2026-03-03 01:20:39.012948
solana,2026-02-23 07:03:57.793,79.05795136584518,44937760502.18102,3599412831.3719606,2026-03-03 01:20:39.012950
solana,2026-02-23 08:02:12.905,79.3971668939153,45142942826.05879,3711837238.9506254,2026-03-03 01:20:39.012951
solana,2026-02-23 09:03:03.893,78.73599083285573,44748856908.297295,3810208904.368501,2026-03-03 01:20:39.012952
solana,2026-02-23 10:03:02.243,80.35933909052899,45682873518.43006,3999798828.176688,2026-03-03 01:20:39.012953
solana,2026-02-23 11:03:05.491,80.22558877898707,45605819922.83637,4071626895.1137257,2026-03-03 01:20:39.012954
solana,2026-02-23 12:01:24.511,80.0088529495815,45492648553.87978,4104225008.82284,2026-03-03 01:20:39.012955
solana,2026-02-23 13:00:27.670,80.65253889343697,45863529494.2026,4185950464.7007422,2026-03-03 01:20:39.012955
solana,2026-02-23 14:02:11.250,80.68416149441974,45945461492.538,4272457884.764977,2026-03-03 01:20:39.012956
solana,2026-02-23 15:00:19.096,80.18306744897107,45619028551.92541,4375779329.353781,2026-03-03 01:20:39.012957
solana,2026-02-23 16:03:08.240,79.48366717419714,45218339836.597275,4418898865.602697,2026-03-03 01:20:39.012958
solana,2026-02-23 17:03:39.739,78.98956595774123,44910234982.84488,4662242147.871852,2026-03-03 01:20:39.012959
solana,2026-02-23 18:02:23.074,77.81579105414417,44218897435.31073,4777384260.785444,2026-03-03 01:20:39.012959
solana,2026-02-23 19:02:43.622,78.73927264997698,44858026410.92761,4975321237.638823,2026-03-03 01:20:39.012960
solana,2026-02-23 20:02:44.553,78.19906574040002,44474148089.34974,5099239249.659807,2026-03-03 01:20:39.012961
solana,2026-02-23 21:03:13.129,78.36906572378837,44565961268.117195,5185145200.786781,2026-03-03 01:20:39.012962
solana,2026-02-23 22:03:10.404,78.35963348040477,44546544459.32054,5264382137.546486,2026-03-03 01:20:39.012963
solana,2026-02-23 23:02:11.496,78.48268445610535,44660218769.2175,5319902901.94082,2026-03-03 01:20:39.012964
solana,2026-02-24 00:03:00.491,77.76467395160952,44215752046.62563,5287684848.722453,2026-03-03 01:20:39.012964
solana,2026-02-24 01:00:07.330,78.42483006755079,44595578074.176254,5239758459.058708,2026-03-03 01:20:39.012965
solana,2026-02-24 02:01:59.281,77.7016777733381,44166460437.58889,4876904201.125887,2026-03-03 01:20:39.012968
solana,2026-02-24 03:02:57.085,77.57472808456706,44127741982.97411,4710703747.182064,2026-03-03 01:20:39.012969
solana,2026-02-24 04:02:32.817,76.76639853712256,43654540288.78321,4654985902.082619,2026-03-03 01:20:39.012969
solana,2026-02-24 05:02:04.714,76.74475225782983,43632399390.91041,4666116658.109088,2026-03-03 01:20:39.012970
solana,2026-02-24 06:03:01.458,76.59597994112363,43557623235.62766,4667977459.387143,2026-03-03 01:20:39.012971
solana,2026-02-24 07:02:08.989,76.62491284048836,43573975924.86163,4529612448.995882,2026-03-03 01:20:39.012972
solana,2026-02-24 08:02:31.113,76.7513864598444,43642887188.22068,4537898254.993001,2026-03-03 01:20:39.012973
solana,2026-02-24 09:03:17.739,77.05646408127971,43824578789.08547,4494891927.523385,2026-03-03 01:20:39.012974
solana,2026-02-24 10:00:51.318,76.56270085827379,43530465070.219154,4390351914.74923,2026-03-03 01:20:39.012975
solana,2026-02-24 11:02:52.469,76.72426082585704,43571260730.08402,4360659769.085859,2026-03-03 01:20:39.012975
solana,2026-02-24 12:04:11.675,76.69560373941248,43611594836.99637,4342744722.692428,2026-03-03 01:20:39.012976
solana,2026-02-24 13:02:34.494,76.6221924084573,43573196159.49601,4251336881.3339777,2026-03-03 01:20:39.012979
solana,2026-02-24 14:02:52.521,76.59454587995515,43559125874.95706,4151536458.0799947,2026-03-03 01:20:39.012980
solana,2026-02-24 15:02:39.271,76.95049479936631,43784241059.88534,4223798296.476706,2026-03-03 01:20:39.012980
solana,2026-02-24 16:02:24.866,77.21062288565797,43897735147.76921,4232926698.006494,2026-03-03 01:20:39.012981
solana,2026-02-24 17:03:42.135,77.89230969412759,44240398987.2721,4209283222.570786,2026-03-03 01:20:39.012982
solana,2026-02-24 18:02:52.227,77.95589414109858,44332064994.17841,4085490662.736424,2026-03-03 01:20:39.012983
solana,2026-02-24 19:02:14.135,78.21909334831987,44483315527.770164,3979833562.8517485,2026-03-03 01:20:39.012984
solana,2026-02-24 20:01:49.763,78.30278663962149,44508311963.35521,3927401936.0098443,2026-03-03 01:20:39.012984
solana,2026-02-24 21:03:31.097,78.66212520068083,44742425395.31957,3901921472.317456,2026-03-03 01:20:39.012985
solana,2026-02-24 22:02:43.436,78.48305981697857,44639469513.889336,3891311610.88465,2026-03-03 01:20:39.012988
solana,2026-02-24 23:02:59.227,78.97724470752509,44884130137.056465,3866683557.515847,2026-03-03 01:20:39.012989
solana,2026-02-25 00:03:24.479,79.08362401927106,44972106769.663284,3899279987.076145,2026-03-03 01:20:39.012989
solana,2026-02-25 01:02:00.854,79.27570137024064,45089715126.70466,3908001060.576829,2026-03-03 01:20:39.012990
solana,2026-02-25 02:03:46.984,82.02168057605908,46597462702.18905,4052422096.6088696,2026-03-03 01:20:39.012991
solana,2026-02-25 03:02:17.376,82.48143893048044,46887910100.190674,4183233722.208828,2026-03-03 01:20:39.012992
solana,2026-02-25 04:02:50.312,81.7230484312813,46476886565.899925,4154761813.532859,2026-03-03 01:20:39.012993
solana,2026-02-25 05:01:49.908,82.04273596617419,46685922777.51755,4149110754.0563617,2026-03-03 01:20:39.012994
solana,2026-02-25 06:02:33.779,81.33874361241342,46254640911.62077,4130851530.4923863,2026-03-03 01:20:39.012994
solana,2026-02-25 07:02:15.713,81.5259850175279,46361116274.31825,4126083260.436437,2026-03-03 01:20:39.012995
solana,2026-02-25 08:00:29.930,82.10083460976496,46675836549.78162,4120941408.259349,2026-03-03 01:20:39.012996
solana,2026-02-25 09:01:50.690,82.35450484541184,46822564929.64816,4133635086.379782,2026-03-03 01:20:39.012997
solana,2026-02-25 10:02:33.329,82.52977186448888,46931928740.763145,4143064423.816492,2026-03-03 01:20:39.012998
solana,2026-02-25 11:02:39.099,82.5882485331733,46964974130.35513,4160891239.7625623,2026-03-03 01:20:39.012999
solana,2026-02-25 12:02:59.811,83.14121354119683,47277713805.74928,4233170779.1761336,2026-03-03 01:20:39.012999
solana,2026-02-25 13:03:13.068,83.70741269556706,47573027668.46686,4350911676.780247,2026-03-03 01:20:39.013000
solana,2026-02-25 14:02:28.860,83.91495734378833,47703437849.52984,4425585153.831737,2026-03-03 01:20:39.013001
solana,2026-02-25 15:02:58.748,85.4894312185781,48604004747.389565,4501647696.030912,2026-03-03 01:20:39.013002
solana,2026-02-25 16:03:04.924,86.04554118275392,48924721728.61989,4702761881.748684,2026-03-03 01:20:39.013003
solana,2026-02-25 17:02:50.206,87.51585695125739,49751388665.21022,4864235516.613837,2026-03-03 01:20:39.013007
solana,2026-02-25 18:00:51.409,88.61051699078543,50369318607.344795,5112568630.759925,2026-03-03 01:20:39.013008
solana,2026-02-25 19:03:45.527,88.9467242005483,50594454965.470116,5267159038.789068,2026-03-03 01:20:39.013009
solana,2026-02-25 20:02:44.378,89.48813199884856,50874465830.714485,5405409033.513791,2026-03-03 01:20:39.013010
solana,2026-02-25 21:02:49.051,89.75249883920152,51052427170.87473,5661183369.3056555,2026-03-03 01:20:39.013011
solana,2026-02-25 22:00:27.072,89.97583067000865,51222127928.83925,5677563294.3382635,2026-03-03 01:20:39.013012
solana,2026-02-25 23:02:54.821,88.89309205536141,50543908547.301605,6206849224.4009,2026-03-03 01:20:39.013013
solana,2026-02-26 00:03:17.166,87.78550063618857,49836350674.80889,5848679221.011004,2026-03-03 01:20:39.013014
solana,2026-02-26 01:03:04.418,88.55257978446703,50364320292.907745,6440300490.46821,2026-03-03 01:20:39.013015
solana,2026-02-26 02:03:00.332,88.48527287536668,50337672881.969765,6121215235.490794,2026-03-03 01:20:39.013015
solana,2026-02-26 03:02:52.427,88.2317500522919,50187877222.333496,6025960508.90489,2026-03-03 01:20:39.013016
solana,2026-02-26 04:02:35.716,87.95892942288667,50084647279.85907,5965721845.018002,2026-03-03 01:20:39.013017
solana,2026-02-26 05:00:26.957,88.74712388641407,50499469253.1029,5938173298.302594,2026-03-03 01:20:39.013018
solana,2026-02-26 06:02:22.282,87.74512661107681,49911513768.85055,5938667923.50174,2026-03-03 01:20:39.013019
solana,2026-02-26 07:03:10.174,87.64111043286076,49850086562.639534,6197977101.052111,2026-03-03 01:20:39.013020
solana,2026-02-26 08:00:09.899,87.3498534899306,49659273107.12087,6168679975.233548,2026-03-03 01:20:39.013022
solana,2026-02-26 09:02:40.903,87.39301242134479,49724768118.2254,6192172331.515856,2026-03-03 01:20:39.013023
solana,2026-02-26 10:04:00.540,88.33562713569307,50251107909.45866,6248562154.314719,2026-03-03 01:20:39.013024
solana,2026-02-26 11:00:16.498,87.38047270533703,49696317348.50778,6257537655.096174,2026-03-03 01:20:39.013025
solana,2026-02-26 12:00:19.131,86.79641876420096,49369817477.92038,6239631394.530545,2026-03-03 01:20:39.013025
solana,2026-02-26 13:02:41.054,87.65582429026347,49857278245.95418,6088714263.269437,2026-03-03 01:20:39.013028
solana,2026-02-26 14:01:57.801,87.6141970944821,49836183807.92567,5296008685.987534,2026-03-03 01:20:39.013029
solana,2026-02-26 15:02:44.124,87.00456052302059,49470883631.83785,5506354218.205759,2026-03-03 01:20:39.013030
solana,2026-02-26 16:02:46.580,86.42149878945494,49119094808.58068,5820904376.920878,2026-03-03 01:20:39.013031
solana,2026-02-26 17:02:20.372,84.53904014180672,48087146411.94417,5035869495.82777,2026-03-03 01:20:39.013031
solana,2026-02-26 18:02:55.687,84.95017928966257,48321254119.212875,5525596386.220073,2026-03-03 01:20:39.013032
solana,2026-02-26 19:02:27.828,85.38309966580398,48593923450.23529,5458997044.6528425,2026-03-03 01:20:39.013033
solana,2026-02-26 20:03:11.865,86.39226075837932,49095113294.457054,5447331896.431312,2026-03-03 01:20:39.013034
solana,2026-02-26 21:02:56.139,86.12089575691188,48910199091.8122,5276354659.08181,2026-03-03 01:20:39.013035
solana,2026-02-26 22:02:16.788,85.98177271094696,48937814045.17126,4883286343.5954075,2026-03-03 01:20:39.013036
solana,2026-02-26 23:02:58.248,86.1200027694464,48966132395.42306,4640039454.786319,2026-03-03 01:20:39.013036
solana,2026-02-27 00:02:41.634,85.89354724638076,48864583405.65491,4397256665.149366,2026-03-03 01:20:39.013037
solana,2026-02-27 01:04:06.778,85.77763126361965,48786031100.884834,4155625735.4757056,2026-03-03 01:20:39.013038
solana,2026-02-27 02:03:23.700,86.0960864723188,48907893364.9651,4115492482.8351536,2026-03-03 01:20:39.013039
solana,2026-02-27 03:03:23.963,86.6154365325353,49277439456.30057,4016957275.847236,2026-03-03 01:20:39.013040
solana,2026-02-27 04:03:09.746,87.64940781248048,49850595392.14822,3483473145.38344,2026-03-03 01:20:39.013041
solana,2026-02-27 05:00:42.772,87.56928543647184,49927463774.27999,4095304051.825464,2026-03-03 01:20:39.013042
solana,2026-02-27 06:03:39.242,87.52104306879133,49778911507.177284,3999665659.624688,2026-03-03 01:20:39.013042
solana,2026-02-27 07:00:20.318,87.33328232744189,49693455316.104256,3958418835.8246603,2026-03-03 01:20:39.013043
solana,2026-02-27 08:03:15.656,87.29582605764905,49644148056.07559,4015666575.57284,2026-03-03 01:20:39.013046
solana,2026-02-27 09:03:31.680,87.57645699113655,49809290846.03092,3969108915.332564,2026-03-03 01:20:39.013047
solana,2026-02-27 10:03:37.329,86.42814242031568,49158439770.511375,3921842386.8033304,2026-03-03 01:20:39.013047
solana,2026-02-27 11:01:07.625,84.76230290391217,48244383486.06198,3735208557.6077857,2026-03-03 01:20:39.013048
solana,2026-02-27 12:01:22.839,83.62793416437852,47551683346.88321,4061303987.6550884,2026-03-03 01:20:39.013049
solana,2026-02-27 13:01:48.490,83.00091933631153,47214727669.603935,4150191214.2973404,2026-03-03 01:20:39.013050
solana,2026-02-27 14:02:53.192,83.04550182036428,47244405126.91554,4335331482.436207,2026-03-03 01:20:39.013051
solana,2026-02-27 15:04:12.370,82.41141286444127,46838114093.10887,4293929121.2385993,2026-03-03 01:20:39.013052
solana,2026-02-27 16:02:19.289,82.71212196895291,47136385302.778145,4166146563.180167,2026-03-03 01:20:39.013052
solana,2026-02-27 17:04:35.407,81.42647781808165,46417822237.902214,4030911290.1471767,2026-03-03 01:20:39.013053
solana,2026-02-27 18:03:05.183,81.72621779324496,46399935725.34827,4043139502.710695,2026-03-03 01:20:39.013054
solana,2026-02-27 19:03:30.737,81.48636572960052,46352910417.3336,4008746936.578735,2026-03-03 01:20:39.013055
solana,2026-02-27 20:02:57.337,81.53818421815885,46389239704.06034,3910041464.05213,2026-03-03 01:20:39.013056
solana,2026-02-27 21:03:27.063,81.51695468487344,46398945447.97283,3886069321.2319355,2026-03-03 01:20:39.013057
solana,2026-02-27 22:02:08.182,81.1604172355023,46158843740.96013,3912675336.9133577,2026-03-03 01:20:39.013057
solana,2026-02-27 23:01:38.082,81.3790766284295,46278606056.59659,4014853514.338113,2026-03-03 01:20:39.013058
solana,2026-02-28 00:03:04.512,81.8744173635331,46623034151.85102,4079065323.038279,2026-03-03 01:20:39.013059
solana,2026-02-28 01:03:16.714,82.08961190116382,46733697312.34082,4064002588.8085027,2026-03-03 01:20:39.013060
solana,2026-02-28 02:03:08.688,81.8984488805272,46653370225.205124,4011019104.2214108,2026-03-03 01:20:39.013062
solana,2026-02-28 03:02:21.923,82.13578464060123,46772944043.19509,3961416561.881426,2026-03-03 01:20:39.013063
solana,2026-02-28 04:03:19.900,81.72216492006531,46548071316.241234,3914115241.560446,2026-03-03 01:20:39.013066
solana,2026-02-28 05:03:01.091,81.66759740149828,46511751073.85022,3799063655.7861233,2026-03-03 01:20:39.013067
solana,2026-02-28 06:01:44.771,81.50449130302626,46391959205.542046,3768118441.815115,2026-03-03 01:20:39.013068
solana,2026-02-28 07:02:51.198,77.47015560410398,44092530314.57744,4188084920.6789217,2026-03-03 01:20:39.013068
solana,2026-02-28 08:02:09.285,78.74455530573083,44858855928.958336,4551352079.089516,2026-03-03 01:20:39.013069
solana,2026-02-28 09:03:47.507,78.02170894217606,44404938542.59013,4591859094.398669,2026-03-03 01:20:39.013070
solana,2026-02-28 10:02:37.329,78.42007682176542,44662306091.99644,4691733608.435555,2026-03-03 01:20:39.013071
solana,2026-02-28 11:03:22.003,79.11745784088443,45044170821.52701,4538753262.46812,2026-03-03 01:20:39.013072
solana,2026-02-28 12:02:54.945,78.76861059274884,44853758374.41737,4727182194.543249,2026-03-03 01:20:39.013073
solana,2026-02-28 13:00:11.514,78.85319373978582,44907012731.85397,4647805314.231726,2026-03-03 01:20:39.013073
solana,2026-02-28 14:03:14.789,80.60671049469133,45817146614.64031,4659814350.368384,2026-03-03 01:20:39.013074
solana,2026-02-28 15:01:30.786,80.2859475965783,45744770731.29567,4559721601.171271,2026-03-03 01:20:39.013075
solana,2026-02-28 16:02:26.308,80.880600741499,46047983340.00628,4523686993.452282,2026-03-03 01:20:39.013076
solana,2026-02-28 17:02:12.427,81.07620035715142,46174103918.17405,4424718975.750818,2026-03-03 01:20:39.013077
solana,2026-02-28 18:00:12.273,81.05674822016124,46129666696.886955,4337351252.826664,2026-03-03 01:20:39.013078
solana,2026-02-28 19:02:32.127,82.36592189630217,46910934346.72092,4399348634.612397,2026-03-03 01:20:39.013078
solana,2026-02-28 20:02:25.152,82.26916112757374,46881633164.68928,4549919518.853757,2026-03-03 01:20:39.013079
solana,2026-02-28 21:01:46.767,84.89882599180052,48293747841.53504,4799152598.081725,2026-03-03 01:20:39.013080
solana,2026-02-28 22:01:46.870,84.4229488661171,48057207162.64554,4894235357.142677,2026-03-03 01:20:39.013081
solana,2026-02-28 23:02:15.085,84.40994603780649,48188100564.67998,4967545054.778304,2026-03-03 01:20:39.013083
solana,2026-03-01 00:01:07.744,84.40278475390643,48072143553.72979,4903054580.647019,2026-03-03 01:20:39.013084
solana,2026-03-01 01:02:42.776,84.91333266818192,48369614358.62555,4960876087.9621105,2026-03-03 01:20:39.013085
solana,2026-03-01 02:00:48.375,86.60883831982508,49313793427.485535,5231646972.880997,2026-03-03 01:20:39.013086
solana,2026-03-01 03:04:07.917,87.97868546324435,50102771589.51969,5747648195.090036,2026-03-03 01:20:39.013087
solana,2026-03-01 04:02:59.576,88.04927004174148,50022150585.13431,5991564147.957341,2026-03-03 01:20:39.013088
solana,2026-03-01 05:03:14.396,87.5580585321697,49870202393.02214,6337980060.775363,2026-03-03 01:20:39.013089
solana,2026-03-01 06:03:33.920,87.30184962286361,49746461779.54086,6123900725.484082,2026-03-03 01:20:39.013090
solana,2026-03-01 07:01:21.770,86.70738460544497,49380866696.595,5729409277.549654,2026-03-03 01:20:39.013091
solana,2026-03-01 08:02:40.280,86.59618046617082,49317689633.86168,5365866870.19337,2026-03-03 01:20:39.013092
solana,2026-03-01 09:03:00.151,85.25210898700072,48595642647.16465,5531944301.077047,2026-03-03 01:20:39.013092
solana,2026-03-01 10:03:54.770,84.97093875156754,48393205653.44022,5279888771.882652,2026-03-03 01:20:39.013093
solana,2026-03-01 11:02:43.080,85.24417489239256,48536508259.152176,5344391675.652077,2026-03-03 01:20:39.013094
solana,2026-03-01 12:02:25.286,85.19323235389659,48510921635.67378,5228760218.197065,2026-03-03 01:20:39.013095
solana,2026-03-01 13:03:05.825,84.88083161723397,48350916296.517944,4984606052.317664,2026-03-03 01:20:39.013096
solana,2026-03-01 14:03:45.459,86.30527306675765,49208622371.34681,4563059890.917409,2026-03-03 01:20:39.013097
solana,2026-03-01 15:03:06.432,85.79202419898391,48832985390.419586,5011761565.730159,2026-03-03 01:20:39.013097
solana,2026-03-01 16:03:09.958,86.0353620801084,49032261418.35337,5037978396.732845,2026-03-03 01:20:39.013098
solana,2026-03-01 17:00:00.673,84.29096826580644,47997786580.042244,4843923442.88125,2026-03-03 01:20:39.013099
solana,2026-03-01 18:02:23.518,83.98037838467809,47845217782.541466,5178917049.880595,2026-03-03 01:20:39.013100
solana,2026-03-01 19:03:04.088,84.01545941839053,47906790744.67838,5162051463.457715,2026-03-03 01:20:39.013102
solana,2026-03-01 20:02:29.461,83.2684869218016,47445315885.57931,5036885552.842546,2026-03-03 01:20:39.013103
solana,2026-03-01 21:02:46.562,81.99301970656904,46694556965.25874,4928431295.691772,2026-03-03 01:20:39.013106
solana,2026-03-01 22:03:06.675,82.97715868418298,47266528588.161385,4834090370.197308,2026-03-03 01:20:39.013107
solana,2026-03-01 23:03:09.046,82.76729110844819,47206859796.282616,4901541525.508421,2026-03-03 01:20:39.013108
solana,2026-03-02 00:03:18.629,83.5819289531272,47610651879.38096,4983272906.546888,2026-03-03 01:20:39.013109
solana,2026-03-02 01:02:20.688,84.96258812169759,48398705668.16713,5134929276.69395,2026-03-03 01:20:39.013109
solana,2026-03-02 02:02:15.172,84.59248994999217,48221410344.98972,4956339068.934432,2026-03-03 01:20:39.013110
solana,2026-03-02 03:02:13.716,84.14430945252133,47924288618.49704,4605703430.370938,2026-03-03 01:20:39.013111
solana,2026-03-02 04:00:18.960,84.94810432821947,48372869657.90905,4580803301.044863,2026-03-03 01:20:39.013112
solana,2026-03-02 05:01:35.432,84.19815143752786,47960326018.304375,4415704989.179517,2026-03-03 01:20:39.013113
solana,2026-03-02 06:01:29.055,84.35686755691106,48079794946.326454,4423649860.903859,2026-03-03 01:20:39.013114
solana,2026-03-02 07:01:36.497,83.22220759799467,47406015673.45039,4323087581.397072,2026-03-03 01:20:39.013114
solana,2026-03-02 08:01:35.847,82.94391767609099,47255778937.81201,4414436105.860448,2026-03-03 01:20:39.013115
solana,2026-03-02 09:01:27.329,83.40795801727486,47518713239.44735,4421003139.519569,2026-03-03 01:20:39.013116
solana,2026-03-02 10:02:47.669,83.69238085414997,47700863107.57345,4415948292.555261,2026-03-03 01:20:39.013117
solana,2026-03-02 11:02:18.031,83.78295856976777,47738795302.0803,4400622540.825425,2026-03-03 01:20:39.013118
solana,2026-03-02 12:02:50.761,83.92055078167556,47843399148.948166,4477107885.514542,2026-03-03 01:20:39.013119
solana,2026-03-02 13:02:27.282,83.71362484260682,47692201384.19601,4454584292.618488,2026-03-03 01:20:39.013119
solana,2026-03-02 14:03:35.144,83.02722784021302,47303171425.83934,4450358496.11717,2026-03-03 01:20:39.013122
solana,2026-03-02 15:03:04.695,85.48410012066682,48680524537.88214,4651222716.32119,2026-03-03 01:20:39.013123
solana,2026-03-02 16:03:14.749,88.51926323614778,50366354602.36234,5428428462.063982,2026-03-03 01:20:39.013124
solana,2026-03-02 17:02:21.582,89.24714657533406,50847078524.720245,5779662636.196403,2026-03-03 01:20:39.013126
solana,2026-03-02 18:02:36.834,87.50729115946059,49688819031.81379,5228195159.76329,2026-03-03 01:20:39.013127
solana,2026-03-02 19:03:55.867,87.34164837305921,49826823109.69599,5925478460.162155,2026-03-03 01:20:39.013128
solana,2026-03-02 20:03:06.896,87.63094909345007,49900125849.15031,6016292974.391032,2026-03-03 01:20:39.013129
solana,2026-03-02 21:00:36.095,87.84249851061809,50054371918.075325,6012647034.441753,2026-03-03 01:20:39.013129
solana,2026-03-02 22:03:14.003,87.57367448943138,49891222924.18222,5979898881.844243,2026-03-03 01:20:39.013130
solana,2026-03-02 23:02:56.602,87.98532162198376,50139110152.118614,5937529490.805082,2026-03-03 01:20:39.013131
solana,2026-03-03 00:03:26.856,86.64219456910475,49373554115.157555,5865003420.539929,2026-03-03 01:20:39.013132
solana,2026-03-03 01:02:05.946,86.80551381606234,49446580356.862305,6002100516.758172,2026-03-03 01:20:39.013133
solana,2026-03-03 01:20:19.000,86.81403173408061,49516962812.14317,5914354360.807116,2026-03-03 01:20:39.013134
